,ID,Marital Status,Gender,Income,Children,Education,Occupation,Home Owner,Cars,Commute Distance,Region,Age,Purchased Bike
0,12496,Married,Female,40000.0,1,Bachelors,Skilled Manual,Yes,0,0-1 Miles,Europe,42.0,No
1,24107,Married,Male,30000.0,3,Partial College,Clerical,Yes,1,0-1 Miles,Europe,43.0,No
2,14177,Married,Male,80000.0,5,Partial College,Professional,No,2,2-5 Miles,Europe,60.0,No
4,25597,Single,Male,30000.0,0,Bachelors,Clerical,No,0,0-1 Miles,Europe,36.0,Yes
5,13507,Married,Female,10000.0,2,Partial College,Manual,Yes,0,1-2 Miles,Europe,50.0,No
7,19364,Married,Male,40000.0,1,Bachelors,Skilled Manual,Yes,0,0-1 Miles,Europe,43.0,Yes
10,22173,Married,Female,30000.0,3,High School,Skilled Manual,No,2,1-2 Miles,Pacific,54.0,Yes
11,12697,Single,Female,90000.0,0,Bachelors,Professional,No,4,10+ Miles,Pacific,36.0,No
13,25323,Married,Male,40000.0,2,Partial College,Clerical,Yes,1,1-2 Miles,Europe,35.0,Yes
14,23542,Single,Male,60000.0,1,Partial College,Skilled Manual,No,1,0-1 Miles,Pacific,45.0,Yes
15,20870,Single,Female,10000.0,2,High School,Manual,Yes,1,0-1 Miles,Europe,38.0,Yes
16,23316,Single,Male,30000.0,3,Partial College,Clerical,No,2,1-2 Miles,Pacific,59.0,Yes
17,12610,Married,Female,30000.0,1,Bachelors,Clerical,Yes,0,0-1 Miles,Europe,47.0,No
18,27183,Single,Male,40000.0,2,Partial College,Clerical,Yes,1,1-2 Miles,Europe,35.0,Yes
19,25940,Single,Male,20000.0,2,Partial High School,Clerical,Yes,2,5-10 Miles,Pacific,55.0,Yes
20,25598,Married,Female,40000.0,0,Graduate Degree,Clerical,Yes,0,0-1 Miles,Europe,36.0,Yes
21,21564,Single,Female,80000.0,0,Bachelors,Professional,Yes,4,10+ Miles,Pacific,35.0,No
22,19193,Single,Male,40000.0,2,Partial College,Clerical,Yes,0,1-2 Miles,Europe,35.0,Yes
23,26412,Married,Female,80000.0,5,High School,Management,No,3,5-10 Miles,Europe,56.0,No
24,27184,Single,Male,40000.0,2,Partial College,Clerical,No,1,0-1 Miles,Europe,34.0,No
25,12590,Single,Male,30000.0,1,Bachelors,Clerical,Yes,0,0-1 Miles,Europe,63.0,No
26,17841,Single,Male,30000.0,0,Partial College,Clerical,No,1,0-1 Miles,Europe,29.0,Yes
28,18299,Married,Male,70000.0,5,Partial College,Skilled Manual,Yes,2,5-10 Miles,Pacific,44.0,No
29,16466,Single,Female,20000.0,0,Partial High School,Manual,No,2,0-1 Miles,Europe,32.0,Yes
30,19273,Married,Female,20000.0,2,Partial College,Manual,Yes,0,0-1 Miles,Europe,63.0,No
31,22400,Married,Male,10000.0,0,Partial College,Manual,No,1,0-1 Miles,Pacific,26.0,Yes
32,20942,Single,Female,20000.0,0,High School,Manual,No,1,5-10 Miles,Europe,31.0,No
33,18484,Single,Male,80000.0,2,High School,Skilled Manual,No,2,1-2 Miles,Pacific,50.0,Yes
34,12291,Single,Male,90000.0,5,Partial College,Professional,No,2,2-5 Miles,Europe,62.0,Yes
35,28380,Single,Female,10000.0,5,Partial High School,Manual,No,2,0-1 Miles,Europe,41.0,No
36,17891,Married,Female,10000.0,2,Partial College,Manual,Yes,1,0-1 Miles,Europe,50.0,Yes
37,27832,Single,Female,30000.0,0,Partial College,Clerical,No,1,2-5 Miles,Europe,30.0,No
38,26863,Single,Male,20000.0,0,High School,Manual,No,1,2-5 Miles,Europe,28.0,No
39,16259,Single,Female,10000.0,4,Partial High School,Manual,Yes,2,0-1 Miles,Europe,40.0,Yes
40,27803,Single,Female,30000.0,2,Partial College,Clerical,No,0,0-1 Miles,Europe,43.0,No
41,14347,Single,Female,40000.0,2,Bachelors,Management,Yes,2,5-10 Miles,Pacific,65.0,Yes
42,17703,Married,Female,10000.0,1,Graduate Degree,Manual,Yes,0,0-1 Miles,Europe,40.0,No
43,17185,Married,Female,170000.0,4,Partial College,Professional,No,3,5-10 Miles,Europe,48.0,Yes
44,29380,Married,Female,20000.0,3,High School,Manual,Yes,0,0-1 Miles,Europe,41.0,Yes
45,23986,Married,Female,20000.0,1,Bachelors,Clerical,Yes,0,0-1 Miles,Europe,66.0,Yes
46,24466,Married,Female,60000.0,1,Partial College,Skilled Manual,Yes,1,5-10 Miles,Pacific,46.0,Yes
47,29097,Single,Female,40000.0,2,Partial College,Skilled Manual,Yes,2,5-10 Miles,Pacific,52.0,Yes
48,19487,Married,Male,30000.0,2,Partial College,Clerical,No,2,0-1 Miles,Europe,42.0,No
50,13826,Single,Female,30000.0,0,Partial College,Clerical,No,1,0-1 Miles,Europe,28.0,No
51,20619,Single,Male,80000.0,0,Bachelors,Professional,No,4,10+ Miles,Pacific,35.0,No
52,12558,Married,Female,20000.0,1,Bachelors,Clerical,Yes,0,0-1 Miles,Europe,65.0,No
53,24871,Single,Female,90000.0,4,High School,Management,No,3,5-10 Miles,Europe,56.0,No
54,17319,Single,Female,70000.0,0,Bachelors,Professional,No,1,5-10 Miles,Pacific,42.0,No
55,28906,Married,Male,80000.0,4,High School,Professional,Yes,2,10+ Miles,Europe,54.0,No
56,12808,Married,Male,40000.0,0,Bachelors,Clerical,Yes,0,0-1 Miles,Europe,38.0,Yes
57,20567,Married,Male,130000.0,4,Partial College,Professional,No,4,5-10 Miles,Europe,61.0,Yes
58,25502,Married,Female,40000.0,1,Bachelors,Skilled Manual,Yes,0,0-1 Miles,Europe,43.0,Yes
59,15580,Married,Male,60000.0,2,Bachelors,Professional,Yes,1,2-5 Miles,Pacific,38.0,Yes
60,24185,Single,Female,10000.0,1,High School,Manual,No,1,1-2 Miles,Europe,45.0,No
61,19291,Single,Female,10000.0,2,High School,Manual,Yes,0,0-1 Miles,Europe,35.0,No
62,16713,Married,Male,40000.0,2,Bachelors,Management,Yes,1,0-1 Miles,Pacific,52.0,Yes
63,16185,Single,Male,60000.0,4,Bachelors,Professional,Yes,3,10+ Miles,Pacific,41.0,No
64,14927,Married,Female,30000.0,1,Bachelors,Clerical,Yes,0,0-1 Miles,Europe,37.0,Yes
65,29337,Single,Male,30000.0,2,Partial College,Clerical,Yes,2,5-10 Miles,Pacific,68.0,No
66,29355,Married,Female,40000.0,0,Graduate Degree,Clerical,Yes,0,0-1 Miles,Europe,37.0,Yes
67,25303,Single,Male,30000.0,0,High School,Manual,Yes,1,2-5 Miles,Europe,33.0,Yes
68,14813,Single,Female,20000.0,4,High School,Manual,Yes,1,0-1 Miles,Europe,43.0,Yes
69,16438,Married,Female,10000.0,0,Partial High School,Manual,No,2,0-1 Miles,Europe,30.0,No
70,14238,Married,Male,120000.0,0,Partial High School,Professional,Yes,4,10+ Miles,Pacific,36.0,Yes
71,16200,Single,Female,10000.0,0,Partial High School,Manual,No,2,0-1 Miles,Europe,35.0,No
72,24857,Married,Female,130000.0,3,High School,Professional,Yes,4,0-1 Miles,Europe,52.0,No
73,26956,Single,Female,20000.0,0,Partial College,Manual,No,1,2-5 Miles,Europe,36.0,Yes
74,14517,Married,Female,20000.0,3,High School,Skilled Manual,No,2,1-2 Miles,Pacific,62.0,No
75,12678,Single,Female,130000.0,4,High School,Management,Yes,4,0-1 Miles,Pacific,31.0,No
76,16188,Single,Female,20000.0,0,Partial High School,Manual,No,2,1-2 Miles,Europe,26.0,No
77,27969,Married,Male,80000.0,0,Bachelors,Professional,Yes,2,10+ Miles,Pacific,29.0,Yes
78,15752,Married,Male,80000.0,2,High School,Skilled Manual,No,2,1-2 Miles,Pacific,50.0,Yes
79,27745,Single,Male,40000.0,2,Bachelors,Management,Yes,2,5-10 Miles,Pacific,63.0,Yes
80,20828,Married,Female,30000.0,4,Graduate Degree,Clerical,Yes,0,0-1 Miles,Europe,45.0,Yes
81,19461,Single,Female,10000.0,4,Partial High School,Manual,Yes,2,0-1 Miles,Europe,40.0,No
82,26941,Married,Male,30000.0,0,Bachelors,Clerical,Yes,0,0-1 Miles,Europe,47.0,Yes
83,28412,Single,Male,20000.0,0,High School,Manual,No,1,2-5 Miles,Europe,29.0,No
84,24485,Single,Male,40000.0,2,Bachelors,Management,No,1,5-10 Miles,Pacific,52.0,Yes
85,16514,Single,Male,10000.0,0,Partial College,Manual,Yes,1,1-2 Miles,Pacific,26.0,Yes
86,17191,Single,Male,130000.0,3,Partial College,Professional,No,3,0-1 Miles,Europe,51.0,Yes
87,19608,Married,Male,80000.0,5,Bachelors,Professional,Yes,4,1-2 Miles,Pacific,40.0,No
88,24119,Single,Male,30000.0,0,Partial College,Clerical,No,1,2-5 Miles,Europe,29.0,No
89,25458,Married,Male,20000.0,1,High School,Manual,No,1,1-2 Miles,Europe,40.0,Yes
90,26886,Single,Female,30000.0,0,Partial College,Clerical,No,1,0-1 Miles,Europe,29.0,Yes
91,28436,Single,Male,30000.0,0,Partial College,Clerical,No,1,0-1 Miles,Europe,30.0,Yes
92,19562,Single,Female,60000.0,2,Bachelors,Professional,Yes,1,2-5 Miles,Pacific,37.0,Yes
93,15608,Single,Female,30000.0,0,Partial College,Clerical,No,1,2-5 Miles,Europe,33.0,No
94,16487,Single,Female,30000.0,3,High School,Skilled Manual,Yes,2,5-10 Miles,Pacific,55.0,No
95,17197,Single,Female,90000.0,5,Partial College,Professional,Yes,2,10+ Miles,Europe,62.0,No
96,12507,Married,Male,30000.0,1,Partial College,Clerical,Yes,1,0-1 Miles,Europe,43.0,No
97,23940,Married,Male,40000.0,1,Bachelors,Skilled Manual,Yes,1,0-1 Miles,Europe,44.0,Yes
99,26852,Married,Female,20000.0,3,High School,Manual,Yes,2,0-1 Miles,Europe,43.0,No
100,12274,Single,Male,10000.0,2,High School,Manual,Yes,0,0-1 Miles,Europe,35.0,No
101,20236,Single,Male,60000.0,3,Bachelors,Professional,No,2,0-1 Miles,Pacific,43.0,Yes
102,24149,Married,Male,10000.0,2,Partial College,Manual,Yes,0,1-2 Miles,Europe,49.0,No
103,26139,Single,Male,60000.0,1,Partial College,Skilled Manual,Yes,1,5-10 Miles,Pacific,45.0,No
104,18491,Single,Female,70000.0,2,High School,Professional,Yes,2,5-10 Miles,Pacific,49.0,Yes
105,22707,Single,Female,30000.0,0,Partial College,Clerical,No,1,2-5 Miles,Europe,30.0,No
106,20430,Married,Male,70000.0,2,Partial College,Skilled Manual,Yes,2,5-10 Miles,Pacific,52.0,Yes
107,27494,Single,Female,40000.0,2,Partial College,Skilled Manual,No,2,1-2 Miles,Pacific,53.0,Yes
108,26829,Married,Female,40000.0,0,Bachelors,Clerical,Yes,0,0-1 Miles,Europe,38.0,Yes
109,28395,Single,Male,40000.0,0,Bachelors,Professional,No,0,0-1 Miles,Europe,39.0,Yes
111,14682,Single,Female,70000.0,0,Bachelors,Professional,No,1,5-10 Miles,Pacific,38.0,No
112,17650,Single,Female,40000.0,2,Partial College,Clerical,Yes,2,1-2 Miles,Europe,35.0,No
113,29191,Single,Female,130000.0,1,Graduate Degree,Management,No,1,0-1 Miles,Pacific,36.0,Yes
114,15030,Married,Male,20000.0,0,Bachelors,Clerical,Yes,0,0-1 Miles,Pacific,26.0,Yes
115,24140,Single,Male,10000.0,0,Graduate Degree,Manual,No,0,0-1 Miles,Europe,30.0,Yes
116,22496,Married,Female,30000.0,1,Bachelors,Skilled Manual,Yes,2,0-1 Miles,Europe,42.0,No
118,19914,Married,Male,80000.0,5,Bachelors,Management,Yes,2,2-5 Miles,Europe,62.0,No
119,12871,Single,Female,30000.0,0,Partial College,Clerical,No,1,2-5 Miles,Europe,29.0,No
120,22988,Married,Female,40000.0,2,Bachelors,Management,Yes,2,5-10 Miles,Pacific,66.0,Yes
121,15922,Married,Male,150000.0,2,High School,Professional,Yes,4,0-1 Miles,Europe,48.0,No
122,12344,Single,Female,80000.0,0,Bachelors,Professional,No,3,10+ Miles,Pacific,31.0,No
123,23627,Single,Female,100000.0,3,Partial College,Management,No,4,5-10 Miles,Europe,56.0,No
124,27775,Single,Female,40000.0,0,Bachelors,Clerical,No,0,0-1 Miles,Europe,38.0,Yes
125,29301,Married,Male,80000.0,5,Bachelors,Professional,Yes,4,1-2 Miles,Pacific,40.0,No
126,12716,Single,Male,30000.0,0,Partial College,Clerical,Yes,1,2-5 Miles,Europe,32.0,No
127,12472,Married,Male,30000.0,1,Bachelors,Clerical,Yes,1,2-5 Miles,Europe,39.0,No
128,20970,Single,Male,10000.0,2,Partial College,Manual,Yes,1,0-1 Miles,Europe,52.0,Yes
129,26818,Single,Male,10000.0,3,High School,Manual,Yes,1,0-1 Miles,Europe,39.0,Yes
130,12993,Married,Male,60000.0,2,Bachelors,Professional,Yes,1,2-5 Miles,Pacific,37.0,No
131,14192,Married,Male,90000.0,4,High School,Management,Yes,3,5-10 Miles,Europe,56.0,Yes
132,19477,Married,Male,40000.0,0,Bachelors,Professional,Yes,0,0-1 Miles,Europe,40.0,Yes
133,26796,Single,Male,40000.0,2,Bachelors,Management,Yes,2,5-10 Miles,Pacific,65.0,Yes
134,21094,Single,Female,30000.0,2,Partial College,Clerical,Yes,2,0-1 Miles,Europe,42.0,No
135,12234,Married,Male,10000.0,2,Partial College,Manual,Yes,1,2-5 Miles,Europe,52.0,No
136,28683,Single,Female,10000.0,1,High School,Manual,No,1,5-10 Miles,Europe,35.0,Yes
137,17994,Single,Male,20000.0,2,High School,Manual,Yes,2,0-1 Miles,Europe,42.0,No
138,24273,Married,Female,20000.0,2,Partial High School,Clerical,Yes,2,5-10 Miles,Pacific,55.0,Yes
139,26547,Single,Female,30000.0,2,Partial College,Clerical,No,2,5-10 Miles,Pacific,60.0,Yes
140,22500,Single,Male,40000.0,0,Bachelors,Professional,No,0,0-1 Miles,Europe,40.0,Yes
141,23993,Single,Female,10000.0,0,Partial College,Manual,No,1,0-1 Miles,Pacific,26.0,Yes
142,14832,Married,Male,40000.0,1,Bachelors,Skilled Manual,Yes,0,0-1 Miles,Europe,42.0,Yes
143,16614,Married,Female,80000.0,0,Bachelors,Professional,Yes,3,10+ Miles,Pacific,32.0,No
144,20877,Single,Male,30000.0,1,Bachelors,Clerical,Yes,0,1-2 Miles,Europe,37.0,Yes
145,20729,Married,Female,40000.0,2,Partial College,Clerical,No,1,0-1 Miles,Europe,34.0,No
146,22464,Married,Male,40000.0,0,Graduate Degree,Clerical,Yes,0,0-1 Miles,Europe,37.0,Yes
147,19475,Married,Female,40000.0,0,Bachelors,Professional,No,0,0-1 Miles,Europe,40.0,Yes
148,19675,Married,Male,20000.0,4,High School,Skilled Manual,Yes,2,5-10 Miles,Pacific,60.0,No
149,12728,Single,Male,30000.0,0,Partial College,Clerical,No,1,1-2 Miles,Europe,27.0,No
151,29117,Single,Male,100000.0,1,Bachelors,Management,No,3,0-1 Miles,Pacific,48.0,No
152,17845,Single,Female,20000.0,0,Partial High School,Manual,No,2,1-2 Miles,Europe,32.0,No
153,25058,Married,Male,100000.0,1,Bachelors,Management,Yes,3,2-5 Miles,Pacific,47.0,No
155,14798,Single,Female,10000.0,4,Partial High School,Manual,Yes,2,0-1 Miles,Europe,41.0,Yes
156,12664,Married,Female,130000.0,5,Partial College,Professional,Yes,4,0-1 Miles,Europe,59.0,No
157,23979,Single,Male,10000.0,2,Partial College,Manual,No,0,0-1 Miles,Europe,50.0,No
158,25605,Single,Female,20000.0,2,Partial College,Manual,No,1,0-1 Miles,Europe,54.0,Yes
159,20797,Married,Female,10000.0,1,Bachelors,Manual,Yes,0,0-1 Miles,Europe,48.0,No
160,21980,Single,Female,60000.0,1,Bachelors,Professional,Yes,1,5-10 Miles,Pacific,44.0,Yes
161,25460,Married,Female,20000.0,2,High School,Manual,Yes,0,0-1 Miles,Europe,40.0,Yes
162,29181,Single,Female,60000.0,2,Bachelors,Professional,No,1,0-1 Miles,Pacific,38.0,Yes
163,24279,Single,Male,40000.0,2,Partial College,Skilled Manual,No,2,1-2 Miles,Pacific,52.0,No
164,22402,Married,Male,10000.0,0,Partial College,Manual,Yes,1,2-5 Miles,Pacific,25.0,Yes
165,15465,Married,Female,10000.0,0,Partial College,Manual,No,1,0-1 Miles,Pacific,25.0,No
166,26757,Single,Male,90000.0,1,Bachelors,Professional,Yes,1,2-5 Miles,Pacific,47.0,Yes
167,14233,Single,Male,100000.0,0,High School,Management,Yes,3,10+ Miles,Pacific,35.0,No
168,14058,Single,Male,70000.0,0,Bachelors,Professional,No,1,5-10 Miles,Pacific,41.0,Yes
169,12273,Married,Male,30000.0,1,Bachelors,Clerical,Yes,0,0-1 Miles,Europe,47.0,No
170,17203,Married,Female,130000.0,4,Partial College,Professional,Yes,4,5-10 Miles,Europe,61.0,Yes
171,18144,Married,Female,80000.0,5,Bachelors,Management,Yes,2,2-5 Miles,Europe,61.0,No
172,23963,Married,Male,10000.0,0,Partial High School,Manual,No,2,0-1 Miles,Europe,33.0,No
173,17907,Married,Female,10000.0,0,Partial College,Manual,Yes,1,2-5 Miles,Pacific,27.0,No
174,19442,Single,Male,50000.0,0,Graduate Degree,Skilled Manual,Yes,0,0-1 Miles,Europe,37.0,Yes
175,17504,Single,Female,80000.0,2,Partial College,Skilled Manual,Yes,2,5-10 Miles,Pacific,52.0,Yes
176,12253,Single,Female,20000.0,0,Partial College,Manual,Yes,0,0-1 Miles,Pacific,29.0,Yes
177,27304,Single,Female,110000.0,2,Partial College,Professional,No,3,5-10 Miles,Europe,48.0,No
178,14191,Married,Male,160000.0,4,Partial College,Professional,No,2,10+ Miles,Europe,55.0,Yes
179,12212,Married,Female,10000.0,0,Graduate Degree,Manual,Yes,0,0-1 Miles,Europe,37.0,Yes
180,25529,Single,Male,10000.0,1,Graduate Degree,Manual,Yes,0,0-1 Miles,Europe,44.0,No
181,22170,Married,Female,30000.0,3,Partial College,Clerical,No,2,1-2 Miles,Pacific,55.0,Yes
182,19445,Married,Female,10000.0,2,High School,Manual,No,1,0-1 Miles,Europe,38.0,No
183,15265,Single,Male,40000.0,2,Bachelors,Management,Yes,2,5-10 Miles,Pacific,66.0,Yes
184,28918,Married,Female,130000.0,4,High School,Management,No,4,10+ Miles,Europe,58.0,No
185,15799,Married,Female,90000.0,1,Bachelors,Professional,Yes,1,2-5 Miles,Pacific,47.0,Yes
186,11047,Married,Female,30000.0,3,High School,Skilled Manual,No,2,1-2 Miles,Pacific,56.0,Yes
187,18151,Single,Male,80000.0,5,Partial College,Professional,No,2,10+ Miles,Europe,59.0,No
188,20606,Married,Female,70000.0,0,Bachelors,Professional,Yes,4,10+ Miles,Pacific,32.0,Yes
189,19482,Married,Male,30000.0,1,Partial College,Clerical,Yes,1,0-1 Miles,Europe,44.0,Yes
190,16489,Married,Male,30000.0,3,High School,Skilled Manual,Yes,2,5-10 Miles,Pacific,55.0,No
192,15682,Single,Female,80000.0,5,Bachelors,Management,Yes,2,10+ Miles,Europe,62.0,No
193,26032,Married,Female,70000.0,5,Bachelors,Professional,Yes,4,10+ Miles,Pacific,41.0,No
194,17843,Single,Female,10000.0,0,Partial High School,Manual,No,2,0-1 Miles,Europe,32.0,No
195,25559,Single,Male,20000.0,0,Bachelors,Clerical,Yes,0,0-1 Miles,Pacific,25.0,Yes
197,11147,Married,Male,60000.0,2,Graduate Degree,Management,Yes,1,0-1 Miles,Pacific,67.0,Yes
198,15214,Single,Female,100000.0,0,Graduate Degree,Management,No,1,1-2 Miles,Pacific,39.0,Yes
199,11453,Single,Male,80000.0,0,Bachelors,Professional,No,3,10+ Miles,Pacific,33.0,Yes
200,24584,Single,Male,60000.0,0,Bachelors,Professional,No,3,2-5 Miles,Pacific,31.0,No
201,12585,Married,Male,10000.0,1,High School,Manual,Yes,0,2-5 Miles,Pacific,27.0,Yes
203,29298,Single,Female,60000.0,1,Partial College,Skilled Manual,Yes,1,5-10 Miles,Pacific,46.0,Yes
204,24842,Single,Female,90000.0,3,High School,Professional,No,1,2-5 Miles,Europe,51.0,No
205,15657,Married,Male,30000.0,3,Graduate Degree,Clerical,Yes,0,0-1 Miles,Europe,46.0,Yes
206,11415,Single,Male,90000.0,5,Partial College,Professional,No,2,10+ Miles,Europe,62.0,No
207,28729,Single,Female,20000.0,0,Partial High School,Manual,Yes,2,1-2 Miles,Europe,26.0,Yes
208,22633,Single,Female,40000.0,0,Graduate Degree,Clerical,Yes,0,0-1 Miles,Europe,37.0,Yes
209,25649,Single,Female,30000.0,3,Partial College,Clerical,Yes,0,0-1 Miles,Europe,42.0,Yes
210,14669,Married,Female,80000.0,4,Graduate Degree,Management,Yes,1,0-1 Miles,Pacific,36.0,No
211,19299,Married,Female,50000.0,0,Graduate Degree,Skilled Manual,Yes,0,0-1 Miles,Europe,36.0,Yes
212,20946,Single,Female,30000.0,0,Partial College,Clerical,No,1,2-5 Miles,Europe,30.0,No
213,11451,Single,Male,70000.0,0,Bachelors,Professional,No,4,10+ Miles,Pacific,31.0,Yes
214,25553,Married,Male,30000.0,1,Bachelors,Clerical,Yes,0,0-1 Miles,Europe,65.0,Yes
215,27951,Single,Male,80000.0,4,Partial College,Professional,No,2,2-5 Miles,Europe,54.0,Yes
216,25026,Married,Male,20000.0,2,Partial High School,Clerical,Yes,3,5-10 Miles,Pacific,54.0,No
218,16043,Single,Male,10000.0,1,Bachelors,Manual,Yes,0,0-1 Miles,Europe,48.0,No
219,22399,Single,Male,10000.0,0,Partial College,Manual,Yes,1,1-2 Miles,Pacific,26.0,Yes
220,27696,Married,Male,60000.0,1,Bachelors,Professional,Yes,1,5-10 Miles,Pacific,43.0,Yes
221,25313,Single,Male,10000.0,0,Partial High School,Manual,No,2,1-2 Miles,Europe,35.0,No
222,13813,Married,Female,30000.0,3,Partial College,Clerical,No,0,0-1 Miles,Europe,42.0,No
223,18711,Single,Female,70000.0,5,Bachelors,Professional,Yes,4,10+ Miles,Pacific,39.0,No
224,19650,Married,Female,30000.0,2,Partial College,Clerical,No,2,0-1 Miles,Pacific,67.0,No
226,12833,Single,Female,20000.0,3,High School,Manual,Yes,1,0-1 Miles,Europe,42.0,Yes
227,26849,Married,Male,10000.0,3,Partial High School,Manual,Yes,2,0-1 Miles,Europe,43.0,No
228,20962,Married,Female,20000.0,1,Graduate Degree,Clerical,Yes,0,0-1 Miles,Europe,45.0,No
229,28915,Single,Male,80000.0,5,High School,Management,Yes,3,10+ Miles,Europe,57.0,No
230,22830,Married,Male,120000.0,4,Partial College,Management,Yes,3,10+ Miles,Europe,56.0,No
231,14777,Married,Female,40000.0,0,Bachelors,Clerical,Yes,0,0-1 Miles,Europe,38.0,Yes
232,12591,Married,Female,30000.0,4,Graduate Degree,Clerical,Yes,0,0-1 Miles,Europe,45.0,No
233,24174,Married,Male,20000.0,0,Bachelors,Clerical,Yes,0,0-1 Miles,Pacific,27.0,Yes
235,11340,Married,Female,10000.0,1,Graduate Degree,Clerical,Yes,0,0-1 Miles,Europe,70.0,Yes
236,25693,Single,Female,30000.0,5,Graduate Degree,Clerical,Yes,0,0-1 Miles,Europe,44.0,Yes
237,25555,Married,Female,10000.0,0,Partial College,Manual,No,1,0-1 Miles,Pacific,26.0,Yes
238,22006,Married,Male,70000.0,5,Partial College,Skilled Manual,Yes,3,5-10 Miles,Pacific,46.0,No
239,20060,Single,Female,30000.0,0,High School,Manual,No,1,2-5 Miles,Europe,34.0,Yes
240,17702,Married,Male,10000.0,1,Graduate Degree,Manual,Yes,0,0-1 Miles,Europe,37.0,No
241,12503,Single,Female,30000.0,3,Partial College,Clerical,Yes,2,0-1 Miles,Europe,27.0,No
242,23908,Single,Male,30000.0,1,Bachelors,Clerical,No,1,0-1 Miles,Europe,39.0,Yes
243,22527,Single,Female,20000.0,0,High School,Manual,No,1,2-5 Miles,Europe,29.0,No
244,19057,Married,Female,120000.0,3,Bachelors,Management,No,2,10+ Miles,Europe,52.0,Yes
245,18494,Married,Male,110000.0,5,Bachelors,Management,Yes,4,2-5 Miles,Pacific,48.0,Yes
246,11249,Married,Female,130000.0,3,Partial College,Professional,Yes,3,0-1 Miles,Europe,51.0,Yes
247,21568,Married,Female,100000.0,0,High School,Management,Yes,4,10+ Miles,Pacific,34.0,Yes
248,13981,Married,Female,10000.0,5,High School,Skilled Manual,No,3,1-2 Miles,Pacific,62.0,No
249,23432,Single,Male,70000.0,0,Bachelors,Professional,Yes,1,5-10 Miles,Pacific,37.0,Yes
250,22931,Married,Male,100000.0,5,Graduate Degree,Management,No,1,1-2 Miles,Pacific,78.0,Yes
251,18172,Married,Male,130000.0,4,High School,Professional,Yes,3,0-1 Miles,Europe,55.0,No
252,12666,Single,Male,60000.0,0,Bachelors,Professional,No,4,2-5 Miles,Pacific,31.0,No
253,20598,Married,Male,100000.0,3,Partial High School,Professional,Yes,0,10+ Miles,Europe,59.0,Yes
254,21375,Single,Male,20000.0,2,Partial High School,Clerical,Yes,2,5-10 Miles,Pacific,57.0,No
255,20839,Single,Female,30000.0,3,Graduate Degree,Clerical,Yes,0,0-1 Miles,Europe,47.0,Yes
256,21738,Married,Male,20000.0,1,Graduate Degree,Clerical,Yes,0,0-1 Miles,Europe,43.0,No
257,14164,Single,Female,50000.0,0,Graduate Degree,Skilled Manual,Yes,0,0-1 Miles,Europe,36.0,Yes
258,14193,Single,Female,100000.0,3,Partial College,Management,Yes,4,10+ Miles,Europe,56.0,No
259,12705,Married,Male,150000.0,0,Bachelors,Management,Yes,4,0-1 Miles,Pacific,37.0,Yes
260,22672,Single,Female,30000.0,2,Partial College,Clerical,Yes,0,0-1 Miles,Europe,43.0,No
261,26219,Married,Female,40000.0,1,Bachelors,Skilled Manual,Yes,1,1-2 Miles,Europe,33.0,Yes
262,28468,Married,Female,10000.0,2,Partial College,Manual,Yes,0,1-2 Miles,Europe,51.0,No
263,23419,Single,Female,70000.0,5,Bachelors,Professional,Yes,3,10+ Miles,Pacific,39.0,No
264,17964,Married,Male,40000.0,0,Graduate Degree,Clerical,Yes,0,0-1 Miles,Europe,37.0,Yes
265,20919,Single,Female,30000.0,2,Partial College,Clerical,Yes,2,0-1 Miles,Europe,42.0,No
266,20927,Single,Female,20000.0,5,High School,Manual,Yes,2,0-1 Miles,Europe,27.0,No
267,13133,Single,Male,100000.0,5,Bachelors,Professional,Yes,1,5-10 Miles,Pacific,47.0,Yes
268,19626,Married,Male,70000.0,5,Partial College,Skilled Manual,Yes,3,5-10 Miles,Pacific,45.0,No
269,21039,Single,Female,50000.0,0,Graduate Degree,Skilled Manual,No,0,0-1 Miles,Europe,37.0,Yes
270,12231,Single,Female,10000.0,2,Partial College,Manual,Yes,0,0-1 Miles,Europe,51.0,Yes
271,25665,Single,Female,20000.0,0,High School,Manual,No,1,1-2 Miles,Europe,28.0,No
272,24061,Married,Male,10000.0,4,Partial High School,Manual,Yes,1,0-1 Miles,Europe,40.0,Yes
273,26879,Single,Female,20000.0,0,High School,Manual,No,1,2-5 Miles,Europe,30.0,No
274,12284,Married,Female,30000.0,0,Bachelors,Clerical,No,0,0-1 Miles,Europe,36.0,Yes
275,26654,Married,Female,90000.0,1,Graduate Degree,Management,Yes,0,0-1 Miles,Pacific,37.0,Yes
276,14545,Married,Female,10000.0,2,Partial College,Manual,Yes,0,1-2 Miles,Europe,49.0,No
277,24201,Married,Female,10000.0,2,High School,Manual,Yes,0,0-1 Miles,Europe,37.0,Yes
278,20625,Married,Male,100000.0,0,High School,Management,Yes,3,10+ Miles,Pacific,35.0,Yes
279,16390,Single,Male,30000.0,1,Bachelors,Clerical,No,0,0-1 Miles,Europe,38.0,Yes
280,14804,Single,Female,10000.0,3,Partial High School,Manual,Yes,2,0-1 Miles,Europe,43.0,No
281,12629,Single,Male,20000.0,1,Partial College,Manual,No,0,0-1 Miles,Europe,37.0,No
282,14696,Single,Male,10000.0,0,Partial High School,Manual,No,2,0-1 Miles,Europe,34.0,No
283,22005,Married,Female,70000.0,5,Partial College,Skilled Manual,No,3,5-10 Miles,Pacific,46.0,No
284,14544,Single,Male,10000.0,1,Partial College,Manual,Yes,0,0-1 Miles,Europe,49.0,No
285,14312,Married,Female,60000.0,1,Partial College,Skilled Manual,Yes,1,5-10 Miles,Pacific,45.0,No
286,29120,Single,Female,100000.0,1,Bachelors,Management,Yes,4,2-5 Miles,Pacific,48.0,No
287,24187,Single,Female,30000.0,3,Graduate Degree,Clerical,No,0,0-1 Miles,Europe,46.0,Yes
288,15758,Married,Male,130000.0,0,Graduate Degree,Management,Yes,0,5-10 Miles,Pacific,48.0,No
289,29094,Married,Male,30000.0,3,High School,Skilled Manual,Yes,2,5-10 Miles,Pacific,54.0,Yes
290,28319,Single,Female,60000.0,1,Partial College,Skilled Manual,No,1,0-1 Miles,Pacific,46.0,Yes
291,16406,Married,Male,40000.0,0,Bachelors,Clerical,No,0,0-1 Miles,Europe,38.0,Yes
292,20923,Married,Female,40000.0,1,Bachelors,Skilled Manual,Yes,0,0-1 Miles,Europe,42.0,Yes
293,11378,Single,Female,10000.0,1,High School,Manual,No,1,2-5 Miles,Europe,46.0,Yes
294,20851,Single,Male,20000.0,0,Partial College,Manual,No,1,2-5 Miles,Europe,36.0,Yes
295,21557,Single,Female,110000.0,0,Partial College,Management,Yes,3,10+ Miles,Pacific,32.0,Yes
296,26663,Single,Female,60000.0,2,Bachelors,Professional,No,1,0-1 Miles,Pacific,39.0,Yes
297,11896,Married,Male,100000.0,1,Graduate Degree,Management,Yes,0,2-5 Miles,Pacific,36.0,Yes
298,14189,Married,Female,90000.0,4,High School,Professional,No,2,2-5 Miles,Europe,54.0,Yes
299,13136,Married,Female,30000.0,2,Partial College,Clerical,No,2,5-10 Miles,Pacific,69.0,No
300,25906,Single,Female,10000.0,5,High School,Skilled Manual,No,2,1-2 Miles,Pacific,62.0,No
302,26928,Single,Male,30000.0,1,Bachelors,Clerical,Yes,0,0-1 Miles,Europe,62.0,Yes
303,20897,Married,Female,30000.0,1,Bachelors,Skilled Manual,Yes,2,0-1 Miles,Europe,40.0,No
304,28207,Married,Male,80000.0,4,Graduate Degree,Management,Yes,1,0-1 Miles,Pacific,36.0,Yes
305,25923,Single,Male,10000.0,2,Partial High School,Clerical,Yes,2,5-10 Miles,Pacific,58.0,No
306,11000,Married,Male,90000.0,2,Bachelors,Professional,Yes,0,1-2 Miles,Pacific,40.0,Yes
307,20974,Married,Male,10000.0,2,Bachelors,Clerical,Yes,1,0-1 Miles,Europe,66.0,No
308,28758,Married,Male,40000.0,2,Partial College,Clerical,Yes,1,1-2 Miles,Europe,35.0,Yes
309,11381,Married,Female,20000.0,2,Partial College,Manual,Yes,1,2-5 Miles,Europe,47.0,Yes
310,17522,Married,Male,120000.0,4,Bachelors,Management,Yes,1,2-5 Miles,Pacific,47.0,No
311,21207,Married,Male,60000.0,1,Partial College,Skilled Manual,Yes,1,5-10 Miles,Pacific,46.0,No
312,28102,Married,Male,20000.0,4,High School,Skilled Manual,Yes,2,5-10 Miles,Pacific,58.0,Yes
313,23105,Single,Male,40000.0,3,Partial High School,Clerical,No,2,5-10 Miles,Pacific,52.0,Yes
314,18740,Married,Male,80000.0,5,Bachelors,Professional,No,1,0-1 Miles,Pacific,47.0,Yes
315,21213,Single,Male,70000.0,0,Bachelors,Professional,No,1,5-10 Miles,Pacific,41.0,No
316,17352,Married,Male,50000.0,2,Graduate Degree,Management,Yes,1,5-10 Miles,Pacific,64.0,Yes
317,14154,Married,Male,30000.0,0,Bachelors,Clerical,Yes,0,0-1 Miles,Europe,35.0,Yes
318,19066,Married,Male,130000.0,4,Partial College,Professional,No,3,10+ Miles,Europe,54.0,No
319,11386,Married,Female,30000.0,3,Bachelors,Clerical,Yes,0,0-1 Miles,Europe,45.0,No
320,20228,Married,Male,100000.0,0,Graduate Degree,Management,Yes,0,2-5 Miles,Pacific,40.0,Yes
321,16675,Single,Female,160000.0,0,Graduate Degree,Management,No,3,0-1 Miles,Pacific,47.0,Yes
322,16410,Single,Female,10000.0,4,Partial High School,Manual,Yes,2,0-1 Miles,Europe,41.0,Yes
323,27760,Single,Female,40000.0,0,Graduate Degree,Clerical,No,0,0-1 Miles,Europe,37.0,Yes
324,22930,Married,Male,90000.0,4,Bachelors,Professional,Yes,0,1-2 Miles,Pacific,38.0,Yes
325,23780,Single,Male,40000.0,2,Partial College,Clerical,No,2,0-1 Miles,Europe,36.0,Yes
326,20994,Married,Female,20000.0,0,Bachelors,Clerical,No,0,0-1 Miles,Pacific,26.0,Yes
327,28379,Married,Male,30000.0,1,Bachelors,Skilled Manual,Yes,2,0-1 Miles,Europe,40.0,No
328,14865,Single,Male,40000.0,2,Partial College,Clerical,Yes,2,1-2 Miles,Europe,36.0,No
329,12663,Married,Female,90000.0,5,Partial High School,Skilled Manual,Yes,2,10+ Miles,Europe,59.0,No
330,24898,Single,Female,80000.0,0,Bachelors,Professional,Yes,3,10+ Miles,Pacific,32.0,No
331,19508,Married,Male,10000.0,0,Partial High School,Manual,No,2,0-1 Miles,Europe,30.0,No
332,11489,Single,Female,20000.0,0,Partial High School,Manual,No,2,1-2 Miles,Europe,35.0,Yes
333,18160,Married,Male,130000.0,3,High School,Professional,Yes,4,5-10 Miles,Europe,51.0,Yes
334,25241,Married,Male,90000.0,2,Bachelors,Professional,Yes,1,5-10 Miles,Pacific,47.0,No
336,27165,Single,Male,20000.0,0,Partial High School,Manual,No,2,0-1 Miles,Europe,34.0,No
337,29424,Married,Male,10000.0,0,Partial High School,Manual,Yes,2,0-1 Miles,Europe,32.0,No
338,15926,Single,Female,120000.0,3,High School,Professional,Yes,4,5-10 Miles,Europe,50.0,Yes
339,14554,Married,Male,20000.0,1,Bachelors,Clerical,Yes,0,0-1 Miles,Europe,66.0,No
340,16468,Single,Male,30000.0,0,Partial College,Clerical,Yes,1,2-5 Miles,Europe,30.0,No
341,19174,Single,Female,30000.0,0,High School,Manual,No,1,2-5 Miles,Europe,32.0,Yes
342,19183,Single,Male,10000.0,0,Partial High School,Manual,Yes,2,1-2 Miles,Europe,35.0,No
343,13683,Single,Female,30000.0,0,High School,Manual,No,1,2-5 Miles,Europe,32.0,No
344,17848,Single,Male,30000.0,0,Partial College,Clerical,No,1,2-5 Miles,Europe,31.0,Yes
345,17894,Married,Female,20000.0,1,Bachelors,Clerical,Yes,0,0-1 Miles,Europe,50.0,Yes
346,25651,Married,Male,40000.0,1,Bachelors,Skilled Manual,No,0,0-1 Miles,Europe,43.0,Yes
347,22936,Single,Female,60000.0,1,Partial College,Skilled Manual,No,1,0-1 Miles,Pacific,45.0,Yes
348,23915,Married,Male,20000.0,2,High School,Manual,Yes,2,0-1 Miles,Europe,42.0,No
349,24121,Single,Female,30000.0,0,Partial College,Clerical,No,1,0-1 Miles,Europe,29.0,Yes
350,27878,Single,Male,20000.0,0,Partial College,Manual,No,0,0-1 Miles,Pacific,28.0,Yes
352,27941,Married,Female,80000.0,4,Partial College,Professional,Yes,2,2-5 Miles,Europe,53.0,No
353,26354,Single,Male,40000.0,0,Graduate Degree,Clerical,No,0,0-1 Miles,Europe,38.0,Yes
354,14785,Single,Male,30000.0,1,Bachelors,Clerical,No,1,1-2 Miles,Europe,39.0,No
355,17238,Single,Male,80000.0,0,Bachelors,Professional,Yes,3,10+ Miles,Pacific,32.0,No
356,23608,Married,Female,150000.0,3,High School,Professional,Yes,3,0-1 Miles,Europe,51.0,Yes
357,22538,Single,Female,10000.0,0,Partial High School,Manual,Yes,2,1-2 Miles,Europe,33.0,No
358,12332,Married,Male,90000.0,4,High School,Management,Yes,3,5-10 Miles,Europe,58.0,Yes
359,17230,Married,Male,80000.0,0,Bachelors,Professional,Yes,3,10+ Miles,Pacific,30.0,No
360,13082,Single,Male,130000.0,0,Graduate Degree,Management,Yes,0,2-5 Miles,Pacific,48.0,Yes
361,22518,Single,Female,30000.0,3,Partial College,Clerical,No,2,0-1 Miles,Europe,27.0,Yes
362,13687,Married,Male,40000.0,1,Bachelors,Skilled Manual,Yes,1,0-1 Miles,Europe,33.0,Yes
363,23571,Married,Female,40000.0,2,Bachelors,Management,Yes,2,0-1 Miles,Pacific,66.0,Yes
364,19305,Single,Female,10000.0,2,High School,Manual,Yes,1,0-1 Miles,Europe,38.0,Yes
366,17310,Married,Male,60000.0,1,Partial College,Skilled Manual,Yes,1,0-1 Miles,Pacific,45.0,Yes
367,12133,Married,Female,130000.0,3,Partial College,Professional,Yes,3,5-10 Miles,Europe,50.0,Yes
368,25918,Single,Female,30000.0,2,Partial College,Clerical,No,2,5-10 Miles,Pacific,60.0,Yes
369,25752,Single,Female,20000.0,2,Partial College,Manual,No,1,0-1 Miles,Europe,53.0,Yes
370,17324,Married,Female,100000.0,4,Bachelors,Professional,Yes,1,10+ Miles,Pacific,46.0,No
372,12510,Married,Male,40000.0,1,Bachelors,Skilled Manual,Yes,1,0-1 Miles,Europe,43.0,Yes
373,25512,Single,Male,20000.0,0,High School,Manual,No,1,2-5 Miles,Europe,30.0,No
374,16179,Single,Female,80000.0,5,Bachelors,Professional,Yes,4,1-2 Miles,Pacific,38.0,No
375,15628,Married,Female,40000.0,1,Bachelors,Skilled Manual,Yes,1,0-1 Miles,Europe,89.0,No
376,20977,Married,Male,20000.0,1,Bachelors,Clerical,Yes,0,0-1 Miles,Europe,64.0,Yes
377,18140,Married,Male,130000.0,3,Partial College,Professional,No,3,5-10 Miles,Europe,51.0,Yes
378,20417,Married,Male,30000.0,3,Partial College,Clerical,No,2,5-10 Miles,Pacific,56.0,No
379,18267,Married,Male,60000.0,3,Bachelors,Professional,Yes,2,5-10 Miles,Pacific,43.0,No
380,13620,Single,Male,70000.0,0,Bachelors,Professional,No,3,10+ Miles,Pacific,30.0,Yes
381,22974,Married,Female,30000.0,2,Partial College,Clerical,Yes,2,5-10 Miles,Pacific,69.0,No
382,13586,Married,Male,80000.0,4,Partial College,Professional,Yes,2,10+ Miles,Europe,53.0,No
383,17978,Married,Male,40000.0,0,Graduate Degree,Clerical,Yes,0,0-1 Miles,Europe,37.0,Yes
384,12581,Single,Female,10000.0,0,Partial College,Manual,No,1,0-1 Miles,Pacific,28.0,Yes
385,18018,Single,Male,30000.0,3,Partial College,Clerical,Yes,0,0-1 Miles,Europe,43.0,No
387,13690,Single,Female,20000.0,0,Partial High School,Manual,No,2,1-2 Miles,Europe,34.0,Yes
388,12568,Married,Female,30000.0,1,Bachelors,Clerical,Yes,0,0-1 Miles,Europe,64.0,No
389,13122,Married,Female,80000.0,0,Bachelors,Professional,Yes,1,1-2 Miles,Pacific,41.0,Yes
390,21184,Single,Male,70000.0,0,Bachelors,Professional,No,1,5-10 Miles,Pacific,38.0,No
391,26150,Single,Female,70000.0,0,Bachelors,Professional,No,1,0-1 Miles,Pacific,41.0,Yes
392,24151,Single,Male,20000.0,1,Bachelors,Clerical,No,0,0-1 Miles,Europe,51.0,No
393,23962,Married,Female,10000.0,0,Partial High School,Manual,Yes,2,1-2 Miles,Europe,32.0,No
394,17793,Married,Female,40000.0,0,Bachelors,Clerical,Yes,0,0-1 Miles,Europe,38.0,Yes
395,14926,Married,Male,30000.0,1,Bachelors,Clerical,Yes,0,0-1 Miles,Europe,38.0,Yes
396,16163,Single,Male,60000.0,2,Bachelors,Professional,Yes,1,2-5 Miles,Pacific,38.0,Yes
397,21365,Married,Female,10000.0,2,Partial High School,Clerical,Yes,2,5-10 Miles,Pacific,58.0,No
398,27771,Single,Male,30000.0,1,Bachelors,Clerical,Yes,1,1-2 Miles,Europe,39.0,Yes
399,26167,Single,Female,40000.0,2,Bachelors,Management,No,1,5-10 Miles,Pacific,53.0,Yes
400,25792,Single,Female,110000.0,3,Bachelors,Management,Yes,4,10+ Miles,Europe,53.0,No
401,11555,Married,Female,40000.0,1,Bachelors,Clerical,Yes,0,0-1 Miles,Europe,80.0,No
402,22381,Married,Male,10000.0,1,Graduate Degree,Manual,Yes,0,0-1 Miles,Europe,44.0,No
403,17882,Married,Male,20000.0,1,Graduate Degree,Clerical,Yes,0,0-1 Miles,Europe,44.0,No
404,22174,Married,Male,30000.0,3,High School,Skilled Manual,Yes,2,5-10 Miles,Pacific,54.0,Yes
405,22439,Married,Female,30000.0,0,Bachelors,Clerical,Yes,0,0-1 Miles,Europe,37.0,Yes
406,18012,Married,Female,40000.0,1,Bachelors,Skilled Manual,Yes,0,0-1 Miles,Europe,41.0,No
407,27582,Single,Female,90000.0,2,Bachelors,Professional,No,0,0-1 Miles,Pacific,36.0,Yes
408,12744,Single,Female,40000.0,2,Partial College,Clerical,Yes,0,0-1 Miles,Europe,33.0,No
409,22821,Married,Female,130000.0,3,Partial College,Professional,Yes,4,0-1 Miles,Europe,52.0,No
410,20171,Married,Female,20000.0,2,Partial College,Manual,Yes,1,0-1 Miles,Europe,46.0,Yes
411,11116,Married,Male,70000.0,5,Partial College,Skilled Manual,Yes,2,5-10 Miles,Pacific,43.0,No
412,20053,Single,Male,40000.0,2,Partial College,Clerical,Yes,0,0-1 Miles,Europe,34.0,No
413,25266,Single,Female,30000.0,2,Partial College,Clerical,No,2,5-10 Miles,Pacific,67.0,No
414,17960,Married,Female,40000.0,0,Graduate Degree,Clerical,Yes,0,0-1 Miles,Europe,35.0,Yes
415,13961,Married,Female,80000.0,5,Graduate Degree,Management,Yes,3,0-1 Miles,Pacific,40.0,No
416,11897,Single,Male,60000.0,2,Bachelors,Professional,No,1,0-1 Miles,Pacific,37.0,Yes
417,11139,Single,Female,30000.0,2,Partial College,Clerical,No,2,5-10 Miles,Pacific,67.0,No
418,11576,Married,Male,30000.0,1,Bachelors,Skilled Manual,Yes,2,0-1 Miles,Europe,41.0,Yes
419,19255,Single,Male,10000.0,2,Partial College,Manual,Yes,1,0-1 Miles,Europe,51.0,Yes
420,18153,Married,Female,100000.0,2,Bachelors,Management,Yes,4,10+ Miles,Europe,59.0,No
421,14547,Married,Male,10000.0,2,Partial College,Manual,Yes,0,1-2 Miles,Europe,51.0,No
422,24901,Single,Male,110000.0,0,Partial College,Management,No,3,10+ Miles,Pacific,32.0,Yes
423,27169,Single,Male,30000.0,0,High School,Manual,Yes,1,2-5 Miles,Europe,34.0,Yes
424,14805,Single,Female,10000.0,3,Partial High School,Manual,Yes,2,0-1 Miles,Europe,43.0,No
425,15822,Married,Male,40000.0,2,Bachelors,Management,Yes,2,0-1 Miles,Pacific,67.0,No
426,19389,Single,Male,30000.0,0,Partial College,Clerical,No,1,2-5 Miles,Europe,28.0,No
427,17048,Single,Female,90000.0,1,Graduate Degree,Management,Yes,0,0-1 Miles,Pacific,36.0,Yes
428,22204,Married,Male,110000.0,4,Bachelors,Management,Yes,3,2-5 Miles,Pacific,48.0,No
429,12718,Single,Female,30000.0,0,Partial College,Clerical,Yes,1,2-5 Miles,Europe,31.0,No
430,15019,Single,Female,30000.0,3,High School,Skilled Manual,Yes,2,5-10 Miles,Pacific,55.0,No
431,28488,Single,Male,20000.0,0,Partial College,Manual,Yes,0,0-1 Miles,Pacific,28.0,Yes
432,21891,Married,Female,110000.0,0,High School,Management,Yes,3,10+ Miles,Pacific,34.0,Yes
433,27814,Single,Female,30000.0,3,Partial College,Clerical,No,1,0-1 Miles,Europe,26.0,No
434,22175,Married,Female,30000.0,3,High School,Skilled Manual,Yes,2,5-10 Miles,Pacific,53.0,Yes
435,29447,Single,Female,10000.0,2,Bachelors,Clerical,No,1,2-5 Miles,Europe,68.0,No
436,19784,Married,Female,80000.0,2,High School,Skilled Manual,Yes,2,5-10 Miles,Pacific,50.0,Yes
437,27824,Single,Female,30000.0,3,Partial College,Clerical,Yes,2,0-1 Miles,Europe,28.0,Yes
438,24093,Single,Female,80000.0,0,Graduate Degree,Skilled Manual,No,0,0-1 Miles,Europe,40.0,Yes
439,19618,Married,Male,70000.0,5,Partial College,Skilled Manual,Yes,2,0-1 Miles,Pacific,44.0,No
440,21561,Single,Male,90000.0,0,Bachelors,Professional,No,3,10+ Miles,Pacific,34.0,Yes
442,26651,Single,Male,80000.0,4,Graduate Degree,Management,Yes,0,0-1 Miles,Pacific,36.0,Yes
443,21108,Married,Female,40000.0,1,Bachelors,Skilled Manual,Yes,1,0-1 Miles,Europe,43.0,Yes
444,12731,Single,Male,30000.0,0,High School,Manual,No,1,1-2 Miles,Europe,32.0,No
445,25307,Married,Female,40000.0,1,Bachelors,Skilled Manual,Yes,1,1-2 Miles,Europe,32.0,Yes
446,14278,Married,Female,130000.0,0,Graduate Degree,Management,Yes,1,10+ Miles,Pacific,48.0,No
447,20711,Married,Female,40000.0,1,Bachelors,Skilled Manual,Yes,0,1-2 Miles,Europe,32.0,Yes
449,12497,Married,Female,40000.0,1,Bachelors,Skilled Manual,Yes,0,0-1 Miles,Europe,42.0,No
450,16559,Single,Female,10000.0,2,High School,Manual,Yes,0,0-1 Miles,Europe,36.0,Yes
451,11585,Married,Female,40000.0,1,Bachelors,Skilled Manual,Yes,0,0-1 Miles,Europe,41.0,No
452,20277,Married,Female,30000.0,2,Partial College,Clerical,No,2,0-1 Miles,Pacific,69.0,No
453,26765,Single,Female,70000.0,5,Partial College,Skilled Manual,Yes,2,5-10 Miles,Pacific,45.0,No
454,12389,Single,Male,30000.0,0,High School,Manual,No,1,2-5 Miles,Europe,34.0,No
455,13585,Married,Female,80000.0,4,Partial College,Professional,No,1,2-5 Miles,Europe,53.0,Yes
456,26385,Single,Male,120000.0,3,High School,Professional,No,4,5-10 Miles,Europe,50.0,No
457,12236,Married,Female,20000.0,1,Partial College,Manual,Yes,0,0-1 Miles,Europe,65.0,No
458,21560,Married,Male,120000.0,0,Partial High School,Professional,Yes,4,10+ Miles,Pacific,32.0,Yes
459,21554,Single,Female,80000.0,0,Bachelors,Professional,No,3,10+ Miles,Pacific,33.0,No
460,13662,Single,Male,20000.0,0,Partial High School,Manual,Yes,2,1-2 Miles,Europe,31.0,Yes
461,13089,Married,Female,120000.0,1,Bachelors,Management,Yes,2,0-1 Miles,Pacific,46.0,Yes
462,14791,Married,Female,40000.0,0,Bachelors,Clerical,Yes,0,0-1 Miles,Europe,39.0,Yes
463,19331,Single,Male,20000.0,2,High School,Manual,Yes,1,0-1 Miles,Europe,40.0,No
464,17754,Single,Female,30000.0,3,Bachelors,Clerical,Yes,0,0-1 Miles,Europe,46.0,Yes
465,11149,Married,Male,40000.0,2,Bachelors,Management,Yes,2,0-1 Miles,Pacific,65.0,No
466,16549,Single,Female,30000.0,3,Bachelors,Clerical,Yes,0,0-1 Miles,Europe,47.0,Yes
467,24305,Single,Male,100000.0,1,Bachelors,Management,No,3,0-1 Miles,Pacific,46.0,Yes
468,18253,Married,Female,80000.0,5,Graduate Degree,Management,Yes,3,0-1 Miles,Pacific,40.0,No
469,20147,Married,Female,30000.0,1,Bachelors,Clerical,Yes,0,0-1 Miles,Europe,65.0,No
470,15612,Single,Male,30000.0,0,High School,Manual,No,1,1-2 Miles,Europe,28.0,No
471,28323,Single,Male,70000.0,0,Bachelors,Professional,No,2,5-10 Miles,Pacific,43.0,Yes
472,22634,Single,Female,40000.0,0,Graduate Degree,Clerical,Yes,0,0-1 Miles,Europe,38.0,Yes
473,15665,Married,Female,30000.0,0,Bachelors,Clerical,Yes,0,0-1 Miles,Europe,47.0,Yes
474,27585,Married,Female,90000.0,2,Bachelors,Professional,No,0,0-1 Miles,Pacific,36.0,Yes
475,19748,Married,Male,20000.0,4,High School,Skilled Manual,No,2,1-2 Miles,Pacific,60.0,No
476,21974,Single,Female,70000.0,0,Bachelors,Professional,Yes,1,5-10 Miles,Pacific,42.0,Yes
477,14032,Married,Male,70000.0,2,High School,Skilled Manual,No,2,1-2 Miles,Pacific,50.0,Yes
478,22610,Married,Male,30000.0,0,Bachelors,Clerical,Yes,0,0-1 Miles,Europe,35.0,Yes
479,26984,Married,Male,40000.0,1,Bachelors,Skilled Manual,Yes,1,0-1 Miles,Europe,32.0,Yes
480,18294,Married,Female,90000.0,1,Bachelors,Professional,Yes,1,5-10 Miles,Pacific,46.0,No
481,28564,Single,Female,40000.0,2,Partial College,Clerical,Yes,0,1-2 Miles,Europe,33.0,Yes
482,28521,Single,Male,40000.0,0,Graduate Degree,Clerical,No,0,0-1 Miles,Europe,36.0,Yes
483,15450,Married,Male,10000.0,1,Graduate Degree,Clerical,Yes,0,0-1 Miles,Europe,70.0,No
484,25681,Single,Female,30000.0,0,Partial College,Clerical,No,1,2-5 Miles,Europe,31.0,Yes
485,19491,Single,Male,30000.0,2,Partial College,Clerical,Yes,2,0-1 Miles,Europe,42.0,No
486,26415,Married,Female,90000.0,4,Partial High School,Skilled Manual,Yes,4,10+ Miles,Europe,58.0,No
487,12821,Married,Male,40000.0,0,Bachelors,Clerical,Yes,0,0-1 Miles,Europe,39.0,No
488,15629,Single,Female,10000.0,0,Partial High School,Manual,Yes,2,1-2 Miles,Europe,34.0,No
489,27835,Married,Male,20000.0,0,Partial High School,Manual,Yes,2,0-1 Miles,Europe,32.0,No
490,11738,Married,Male,60000.0,4,Bachelors,Professional,Yes,0,2-5 Miles,North America,46.0,No
491,25065,Married,Male,70000.0,2,Partial High School,Skilled Manual,Yes,2,5-10 Miles,North America,48.0,No
492,26238,Single,Female,40000.0,3,Partial College,Clerical,Yes,1,1-2 Miles,North America,31.0,Yes
493,23707,Single,Male,70000.0,5,Bachelors,Management,Yes,3,10+ Miles,North America,60.0,Yes
494,27650,Married,Male,70000.0,4,High School,Professional,Yes,0,5-10 Miles,North America,51.0,No
495,24981,Married,Male,60000.0,2,Partial College,Professional,Yes,2,10+ Miles,North America,56.0,No
496,20678,Single,Female,60000.0,3,Bachelors,Skilled Manual,Yes,1,2-5 Miles,North America,40.0,Yes
497,15302,Single,Female,70000.0,1,Graduate Degree,Professional,Yes,0,2-5 Miles,North America,34.0,Yes
498,26012,Married,Male,80000.0,1,Partial College,Skilled Manual,Yes,1,2-5 Miles,North America,48.0,Yes
499,26575,Single,Female,40000.0,0,High School,Skilled Manual,No,2,1-2 Miles,North America,31.0,Yes
500,15559,Married,Male,60000.0,5,Bachelors,Professional,Yes,1,2-5 Miles,North America,47.0,No
501,19235,Married,Female,50000.0,0,Graduate Degree,Skilled Manual,Yes,0,0-1 Miles,North America,34.0,No
502,15275,Married,Male,40000.0,0,Partial College,Skilled Manual,Yes,1,5-10 Miles,North America,29.0,No
503,20339,Married,Female,130000.0,1,Bachelors,Management,Yes,4,2-5 Miles,North America,44.0,Yes
504,25405,Married,Male,70000.0,2,Bachelors,Skilled Manual,Yes,1,2-5 Miles,North America,38.0,Yes
505,15940,Married,Male,100000.0,4,Partial College,Professional,Yes,4,0-1 Miles,North America,40.0,No
506,25074,Married,Female,70000.0,4,Bachelors,Professional,Yes,2,2-5 Miles,North America,42.0,Yes
507,24738,Married,Female,40000.0,1,Partial College,Clerical,Yes,1,1-2 Miles,North America,51.0,Yes
508,16337,Married,Male,60000.0,0,Partial College,Skilled Manual,No,2,1-2 Miles,North America,29.0,No
510,18613,Single,Male,70000.0,0,Bachelors,Professional,No,1,2-5 Miles,North America,37.0,Yes
512,18052,Married,Female,60000.0,1,Partial College,Skilled Manual,Yes,1,0-1 Miles,North America,45.0,Yes
513,13353,Single,Female,60000.0,4,Graduate Degree,Management,Yes,2,10+ Miles,North America,61.0,Yes
514,19399,Single,Male,40000.0,0,Bachelors,Professional,No,1,2-5 Miles,North America,45.0,No
515,16154,Married,Female,70000.0,5,Bachelors,Professional,Yes,2,2-5 Miles,North America,47.0,No
516,22219,Married,Female,60000.0,2,High School,Professional,Yes,2,5-10 Miles,North America,49.0,No
517,17269,Single,Male,60000.0,3,Bachelors,Professional,No,0,0-1 Miles,North America,47.0,Yes
518,23586,Married,Female,80000.0,0,Bachelors,Management,Yes,1,1-2 Miles,North America,34.0,Yes
519,15740,Married,Male,80000.0,5,Bachelors,Management,Yes,2,1-2 Miles,North America,64.0,No
520,27638,Single,Male,100000.0,1,Partial College,Professional,No,3,1-2 Miles,North America,44.0,No
521,18976,Single,Male,40000.0,4,High School,Professional,Yes,2,10+ Miles,North America,62.0,Yes
522,19413,Single,Male,60000.0,3,Bachelors,Professional,No,1,0-1 Miles,North America,47.0,Yes
523,13283,Married,Male,80000.0,3,Partial College,Professional,No,2,0-1 Miles,North America,49.0,Yes
524,17471,Single,Female,80000.0,4,Graduate Degree,Management,Yes,2,5-10 Miles,North America,67.0,No
525,16791,Single,Male,60000.0,5,Bachelors,Management,Yes,3,10+ Miles,North America,59.0,Yes
526,15382,Married,Female,110000.0,1,Bachelors,Management,Yes,2,1-2 Miles,North America,44.0,No
527,11641,Married,Male,50000.0,1,Bachelors,Skilled Manual,Yes,0,0-1 Miles,North America,36.0,No
528,11935,Single,Female,30000.0,0,Partial College,Skilled Manual,Yes,1,5-10 Miles,North America,28.0,No
529,13233,Married,Male,60000.0,2,Partial College,Professional,Yes,1,10+ Miles,North America,57.0,Yes
530,25909,Married,Male,60000.0,0,Partial College,Skilled Manual,Yes,1,5-10 Miles,North America,27.0,Yes
531,14092,Single,Male,30000.0,0,Partial High School,Clerical,Yes,2,5-10 Miles,North America,28.0,No
532,29143,Single,Female,60000.0,1,Bachelors,Professional,No,1,0-1 Miles,North America,44.0,Yes
533,24941,Married,Male,60000.0,3,Bachelors,Management,Yes,2,10+ Miles,North America,66.0,No
534,24637,Married,Male,40000.0,4,High School,Professional,Yes,2,10+ Miles,North America,64.0,No
535,23893,Married,Male,50000.0,3,Bachelors,Skilled Manual,Yes,3,10+ Miles,North America,41.0,No
536,13907,Single,Female,80000.0,3,Bachelors,Skilled Manual,Yes,1,0-1 Miles,North America,41.0,Yes
537,14900,Married,Female,40000.0,1,Partial College,Clerical,Yes,1,1-2 Miles,North America,49.0,Yes
538,11262,Married,Female,80000.0,4,Bachelors,Management,Yes,0,0-1 Miles,North America,42.0,No
539,22294,Single,Female,70000.0,0,Bachelors,Professional,No,1,2-5 Miles,North America,37.0,Yes
540,12195,Single,Female,70000.0,3,Graduate Degree,Management,Yes,2,1-2 Miles,North America,52.0,No
541,25375,Married,Male,50000.0,1,Graduate Degree,Skilled Manual,Yes,0,1-2 Miles,North America,34.0,No
542,11143,Married,Male,40000.0,0,High School,Skilled Manual,Yes,2,5-10 Miles,North America,29.0,No
543,25898,Married,Female,70000.0,2,High School,Professional,Yes,2,2-5 Miles,North America,53.0,No
544,24397,Single,Male,120000.0,2,Bachelors,Management,No,4,1-2 Miles,North America,40.0,No
545,19758,Single,Male,60000.0,0,Partial College,Skilled Manual,No,2,1-2 Miles,North America,29.0,No
546,15529,Married,Male,60000.0,4,Bachelors,Professional,Yes,2,2-5 Miles,North America,43.0,Yes
547,19884,Married,Male,60000.0,2,High School,Professional,Yes,2,2-5 Miles,North America,55.0,Yes
548,18674,Single,Female,80000.0,4,Graduate Degree,Skilled Manual,No,0,0-1 Miles,North America,48.0,No
550,14063,Single,Female,70000.0,0,Bachelors,Professional,No,1,0-1 Miles,Pacific,42.0,Yes
551,27393,Married,Female,50000.0,4,Bachelors,Management,Yes,2,10+ Miles,North America,63.0,No
552,14417,Single,Male,60000.0,3,High School,Professional,Yes,2,10+ Miles,North America,54.0,Yes
553,17533,Married,Male,40000.0,3,Partial College,Professional,No,2,5-10 Miles,North America,73.0,Yes
555,17025,Single,Male,50000.0,0,Partial College,Skilled Manual,No,1,2-5 Miles,North America,39.0,Yes
556,25293,Married,Male,80000.0,4,Bachelors,Management,Yes,0,1-2 Miles,North America,42.0,No
557,24725,Married,Female,40000.0,3,Partial College,Clerical,Yes,0,1-2 Miles,North America,31.0,No
558,23200,Married,Female,50000.0,3,Bachelors,Skilled Manual,Yes,2,0-1 Miles,North America,41.0,No
559,15895,Single,Female,60000.0,2,Bachelors,Management,Yes,0,10+ Miles,North America,58.0,No
560,18577,Married,Female,60000.0,0,Graduate Degree,Professional,Yes,0,0-1 Miles,North America,40.0,No
562,18560,Married,Female,70000.0,2,Graduate Degree,Professional,Yes,0,2-5 Miles,North America,34.0,Yes
563,25006,Single,Female,30000.0,0,Partial College,Skilled Manual,Yes,1,5-10 Miles,North America,28.0,No
564,17369,Single,Male,30000.0,0,Partial College,Skilled Manual,Yes,1,5-10 Miles,North America,27.0,No
565,14495,Married,Male,40000.0,3,Partial College,Professional,No,2,5-10 Miles,North America,54.0,Yes
566,18847,Married,Female,60000.0,2,Graduate Degree,Management,Yes,2,5-10 Miles,North America,70.0,No
567,14754,Married,Male,40000.0,1,Partial College,Clerical,Yes,1,1-2 Miles,North America,48.0,Yes
568,23378,Married,Male,70000.0,1,Partial College,Skilled Manual,Yes,1,2-5 Miles,North America,44.0,Yes
569,26452,Single,Male,50000.0,3,Graduate Degree,Management,Yes,2,10+ Miles,North America,69.0,No
570,20370,Married,Male,70000.0,3,Partial High School,Skilled Manual,Yes,2,5-10 Miles,North America,52.0,No
571,20528,Married,Male,40000.0,2,Partial High School,Skilled Manual,Yes,2,2-5 Miles,North America,55.0,No
572,23549,Single,Male,30000.0,0,High School,Skilled Manual,Yes,2,5-10 Miles,North America,30.0,No
573,21751,Married,Male,60000.0,3,Graduate Degree,Management,Yes,2,1-2 Miles,North America,63.0,No
574,21266,Single,Female,80000.0,0,Bachelors,Management,Yes,1,1-2 Miles,North America,34.0,Yes
575,13388,Single,Male,60000.0,2,Partial College,Professional,Yes,1,10+ Miles,North America,56.0,No
576,18752,Single,Female,40000.0,0,High School,Skilled Manual,Yes,1,5-10 Miles,North America,31.0,No
577,16917,Married,Male,120000.0,1,Bachelors,Management,Yes,4,0-1 Miles,North America,38.0,No
578,15313,Married,Male,60000.0,4,Bachelors,Management,Yes,2,2-5 Miles,North America,59.0,No
579,25329,Single,Female,40000.0,3,Partial College,Clerical,No,2,0-1 Miles,North America,32.0,No
580,20380,Married,Female,60000.0,3,Graduate Degree,Management,Yes,2,10+ Miles,North America,69.0,No
581,23089,Married,Male,40000.0,0,Partial College,Skilled Manual,Yes,1,5-10 Miles,North America,28.0,No
582,13749,Married,Male,80000.0,4,Graduate Degree,Skilled Manual,Yes,0,1-2 Miles,North America,47.0,No
583,24943,Married,Male,60000.0,3,Bachelors,Management,Yes,2,10+ Miles,North America,66.0,No
584,28667,Single,Male,70000.0,2,Bachelors,Skilled Manual,No,1,0-1 Miles,North America,37.0,Yes
585,15194,Single,Male,120000.0,2,Bachelors,Management,No,3,0-1 Miles,North America,39.0,Yes
586,17436,Married,Male,60000.0,2,High School,Professional,No,2,1-2 Miles,North America,51.0,No
587,18935,Married,Female,130000.0,0,Graduate Degree,Management,Yes,3,1-2 Miles,North America,40.0,No
588,16871,Married,Female,90000.0,2,High School,Professional,Yes,1,10+ Miles,North America,51.0,Yes
589,12100,Single,Male,60000.0,2,Bachelors,Management,Yes,0,10+ Miles,North America,57.0,No
590,23158,Married,Female,60000.0,1,Graduate Degree,Professional,No,0,0-1 Miles,North America,35.0,Yes
591,18545,Married,Male,40000.0,4,High School,Professional,No,2,10+ Miles,North America,61.0,Yes
592,18391,Single,Female,80000.0,5,Partial College,Professional,Yes,2,5-10 Miles,North America,44.0,No
593,19812,Single,Female,70000.0,2,Partial College,Professional,Yes,0,5-10 Miles,North America,49.0,Yes
594,27660,Married,Male,80000.0,4,Graduate Degree,Management,Yes,2,5-10 Miles,North America,70.0,No
595,18058,Single,Female,20000.0,3,High School,Skilled Manual,Yes,2,2-5 Miles,North America,78.0,No
596,20343,Married,Female,90000.0,4,Partial College,Professional,Yes,1,1-2 Miles,North America,45.0,No
597,28997,Single,Male,40000.0,2,High School,Professional,No,1,2-5 Miles,North America,58.0,Yes
598,24398,Married,Male,130000.0,1,Graduate Degree,Management,Yes,4,0-1 Miles,North America,41.0,No
599,19002,Married,Female,60000.0,2,Partial College,Professional,Yes,1,2-5 Miles,North America,57.0,Yes
600,28609,Married,Male,30000.0,2,High School,Skilled Manual,No,2,0-1 Miles,North America,49.0,No
602,18858,Single,Male,60000.0,2,Partial High School,Skilled Manual,Yes,2,5-10 Miles,North America,52.0,Yes
603,20000,Married,Male,60000.0,1,Graduate Degree,Professional,Yes,0,0-1 Miles,North America,35.0,Yes
604,25261,Married,Male,40000.0,0,High School,Skilled Manual,Yes,2,5-10 Miles,North America,27.0,No
605,17458,Single,Male,70000.0,3,High School,Professional,Yes,0,5-10 Miles,North America,52.0,Yes
606,11644,Single,Male,40000.0,2,Bachelors,Skilled Manual,Yes,0,2-5 Miles,North America,36.0,No
607,16145,Single,Female,70000.0,5,Graduate Degree,Professional,Yes,3,10+ Miles,North America,46.0,Yes
608,16890,Married,Male,60000.0,3,Partial High School,Skilled Manual,Yes,2,5-10 Miles,North America,52.0,Yes
609,25983,Married,Male,70000.0,0,Bachelors,Professional,No,1,0-1 Miles,North America,43.0,No
610,14633,Married,Male,60000.0,1,Partial College,Skilled Manual,Yes,1,2-5 Miles,North America,44.0,No
611,22994,Married,Female,80000.0,0,Bachelors,Management,Yes,1,1-2 Miles,North America,34.0,Yes
612,22983,Single,Female,30000.0,0,Partial High School,Clerical,Yes,2,5-10 Miles,North America,27.0,No
613,25184,Single,Male,110000.0,1,Partial College,Professional,Yes,4,5-10 Miles,North America,45.0,Yes
614,14469,Married,Female,100000.0,3,Partial College,Professional,Yes,4,1-2 Miles,North America,45.0,No
616,16245,Single,Female,80000.0,4,Graduate Degree,Skilled Manual,Yes,0,1-2 Miles,North America,47.0,No
617,17858,Married,Male,40000.0,4,High School,Skilled Manual,Yes,2,2-5 Miles,North America,44.0,Yes
618,25347,Single,Female,20000.0,3,Partial High School,Clerical,No,2,0-1 Miles,North America,49.0,No
619,15814,Single,Female,40000.0,0,High School,Skilled Manual,Yes,1,5-10 Miles,North America,30.0,No
620,11259,Married,Female,100000.0,4,Partial College,Professional,Yes,4,2-5 Miles,North America,41.0,Yes
621,11200,Married,Male,70000.0,4,Bachelors,Management,Yes,1,1-2 Miles,North America,58.0,No
622,25101,Married,Male,60000.0,5,Bachelors,Professional,Yes,1,2-5 Miles,North America,47.0,No
623,21801,Married,Female,70000.0,4,Partial College,Professional,Yes,1,1-2 Miles,North America,55.0,No
624,25943,Single,Female,70000.0,0,Partial College,Skilled Manual,No,2,0-1 Miles,North America,27.0,Yes
625,22127,Married,Male,60000.0,3,Graduate Degree,Management,Yes,2,1-2 Miles,North America,67.0,No
626,20414,Married,Female,60000.0,0,Partial College,Skilled Manual,Yes,2,5-10 Miles,North America,29.0,No
627,23672,Married,Female,60000.0,3,Graduate Degree,Management,Yes,2,1-2 Miles,North America,67.0,No
628,29255,Single,Male,80000.0,3,Partial College,Professional,No,1,1-2 Miles,North America,51.0,Yes
629,28815,Married,Female,50000.0,1,Graduate Degree,Skilled Manual,Yes,0,0-1 Miles,North America,35.0,No
630,27753,Married,Male,40000.0,0,High School,Skilled Manual,No,2,1-2 Miles,North America,30.0,No
631,27643,Single,Male,70000.0,5,Partial College,Professional,Yes,3,2-5 Miles,North America,44.0,No
632,13754,Single,Female,80000.0,4,Graduate Degree,Skilled Manual,Yes,0,1-2 Miles,North America,48.0,No
633,22088,Married,Female,130000.0,1,Bachelors,Management,Yes,2,0-1 Miles,North America,45.0,Yes
634,27388,Married,Male,60000.0,3,Bachelors,Management,No,2,1-2 Miles,North America,66.0,No
635,24745,Single,Female,30000.0,2,High School,Skilled Manual,No,2,0-1 Miles,North America,49.0,No
636,29237,Single,Female,120000.0,4,Partial College,Professional,Yes,3,5-10 Miles,North America,43.0,Yes
637,15272,Single,Male,40000.0,0,High School,Skilled Manual,No,2,1-2 Miles,North America,30.0,No
639,14507,Married,Male,100000.0,2,Graduate Degree,Management,Yes,3,1-2 Miles,North America,65.0,No
640,25886,Married,Female,60000.0,2,Partial College,Professional,Yes,2,2-5 Miles,North America,56.0,Yes
641,21441,Married,Male,50000.0,4,Bachelors,Management,Yes,2,10+ Miles,North America,64.0,No
642,21741,Married,Female,70000.0,3,Partial College,Professional,Yes,2,5-10 Miles,North America,50.0,Yes
643,14572,Married,Female,70000.0,3,Graduate Degree,Professional,Yes,0,2-5 Miles,North America,35.0,Yes
644,23368,Married,Female,60000.0,5,Bachelors,Skilled Manual,Yes,3,10+ Miles,North America,41.0,No
645,16217,Single,Female,60000.0,0,Graduate Degree,Skilled Manual,Yes,0,0-1 Miles,North America,39.0,No
647,22010,Single,Male,40000.0,0,High School,Skilled Manual,Yes,2,5-10 Miles,North America,31.0,No
648,25872,Single,Female,70000.0,2,Bachelors,Management,No,1,2-5 Miles,North America,58.0,Yes
649,19164,Single,Female,70000.0,0,Bachelors,Professional,No,1,2-5 Miles,North America,38.0,Yes
650,18435,Single,Female,70000.0,5,Graduate Degree,Management,Yes,2,10+ Miles,North America,67.0,Yes
651,14284,Single,Male,60000.0,0,Partial College,Professional,No,2,1-2 Miles,North America,32.0,Yes
652,11287,Married,Male,70000.0,5,Partial College,Professional,No,3,5-10 Miles,North America,45.0,No
653,13066,Single,Male,30000.0,0,High School,Skilled Manual,No,2,1-2 Miles,North America,31.0,Yes
654,29106,Single,Male,40000.0,0,High School,Skilled Manual,No,2,1-2 Miles,North America,31.0,Yes
655,26236,Married,Female,40000.0,3,Partial College,Clerical,Yes,1,0-1 Miles,North America,31.0,No
656,17531,Married,Male,60000.0,2,High School,Professional,No,2,5-10 Miles,North America,50.0,No
657,12964,Married,Male,70000.0,1,Partial College,Skilled Manual,Yes,1,0-1 Miles,North America,44.0,No
658,19133,Single,Male,50000.0,2,Bachelors,Skilled Manual,Yes,1,2-5 Miles,North America,38.0,Yes
659,24643,Single,Female,60000.0,4,Bachelors,Management,Yes,2,10+ Miles,North America,63.0,No
660,21599,Married,Female,60000.0,1,Graduate Degree,Professional,Yes,0,2-5 Miles,North America,36.0,Yes
661,22976,Single,Male,40000.0,0,High School,Skilled Manual,No,2,0-1 Miles,North America,28.0,Yes
662,27637,Single,Female,100000.0,1,Partial College,Professional,No,3,1-2 Miles,North America,44.0,No
663,11890,Married,Female,70000.0,5,Graduate Degree,Professional,Yes,1,0-1 Miles,North America,47.0,No
664,28580,Married,Female,80000.0,0,Graduate Degree,Skilled Manual,Yes,0,1-2 Miles,North America,40.0,Yes
665,14443,Married,Male,130000.0,1,Graduate Degree,Management,Yes,4,0-1 Miles,North America,40.0,No
666,17864,Married,Female,60000.0,1,Partial College,Skilled Manual,Yes,1,2-5 Miles,North America,46.0,Yes
667,20505,Married,Female,40000.0,5,High School,Professional,No,2,10+ Miles,North America,61.0,No
668,14592,Married,Female,60000.0,0,Graduate Degree,Professional,Yes,0,0-1 Miles,North America,40.0,No
669,22227,Married,Female,60000.0,2,High School,Professional,Yes,2,5-10 Miles,North America,50.0,No
670,21471,Married,Male,70000.0,2,Partial College,Professional,Yes,1,10+ Miles,North America,59.0,No
671,22252,Single,Female,60000.0,1,Graduate Degree,Professional,Yes,0,2-5 Miles,North America,36.0,Yes
672,21260,Single,Female,40000.0,0,High School,Skilled Manual,Yes,2,5-10 Miles,North America,30.0,No
673,11817,Single,Female,70000.0,4,Graduate Degree,Professional,Yes,0,2-5 Miles,North America,35.0,Yes
674,19223,Married,Female,30000.0,2,High School,Skilled Manual,Yes,2,1-2 Miles,North America,48.0,No
675,18517,Married,Male,100000.0,3,Bachelors,Management,Yes,4,0-1 Miles,North America,41.0,No
676,21717,Married,Male,40000.0,2,Partial College,Clerical,Yes,1,0-1 Miles,North America,47.0,No
677,13760,Married,Male,60000.0,4,Graduate Degree,Skilled Manual,No,0,0-1 Miles,North America,47.0,No
678,18145,Married,Male,80000.0,5,Bachelors,Management,No,2,2-5 Miles,Europe,62.0,No
679,21770,Married,Male,60000.0,4,Bachelors,Management,Yes,2,10+ Miles,North America,60.0,No
680,11165,Married,Female,60000.0,0,Partial College,Skilled Manual,No,1,1-2 Miles,North America,33.0,No
681,16377,Single,Female,80000.0,4,Graduate Degree,Skilled Manual,No,0,0-1 Miles,North America,47.0,No
682,26248,Married,Male,20000.0,3,Partial High School,Clerical,No,2,0-1 Miles,North America,52.0,No
683,23461,Married,Female,90000.0,5,Partial College,Professional,Yes,3,2-5 Miles,North America,40.0,No
684,29133,Single,Female,60000.0,4,Bachelors,Skilled Manual,No,2,0-1 Miles,North America,42.0,No
685,27673,Single,Female,60000.0,3,Graduate Degree,Management,Yes,2,5-10 Miles,North America,53.0,Yes
686,12774,Married,Female,40000.0,1,Partial College,Clerical,Yes,1,1-2 Miles,North America,51.0,Yes
687,18910,Single,Male,30000.0,0,Partial College,Skilled Manual,Yes,2,5-10 Miles,North America,30.0,No
689,16725,Married,Male,30000.0,0,High School,Skilled Manual,Yes,2,5-10 Miles,North America,26.0,No
690,28269,Single,Female,130000.0,1,Bachelors,Management,No,1,2-5 Miles,North America,45.0,No
691,23144,Married,Male,50000.0,1,Bachelors,Skilled Manual,Yes,0,0-1 Miles,North America,34.0,Yes
692,23376,Married,Male,70000.0,1,Bachelors,Professional,Yes,1,2-5 Miles,North America,44.0,Yes
693,25970,Single,Female,60000.0,4,Bachelors,Skilled Manual,No,2,0-1 Miles,North America,41.0,Yes
694,28068,Single,Female,80000.0,3,Graduate Degree,Professional,No,0,0-1 Miles,North America,36.0,Yes
696,29112,Single,Male,60000.0,0,Partial College,Professional,No,2,1-2 Miles,North America,30.0,No
697,14090,Married,Female,30000.0,0,Partial High School,Clerical,No,2,0-1 Miles,North America,28.0,No
698,27040,Married,Male,20000.0,2,Partial High School,Clerical,Yes,2,1-2 Miles,North America,49.0,No
699,23479,Single,Male,90000.0,0,Partial College,Professional,No,2,0-1 Miles,North America,43.0,Yes
700,16795,Married,Female,70000.0,4,Bachelors,Management,Yes,1,1-2 Miles,North America,59.0,No
701,22014,Single,Male,30000.0,0,High School,Skilled Manual,Yes,2,5-10 Miles,North America,26.0,No
702,13314,Married,Male,120000.0,1,High School,Professional,Yes,4,5-10 Miles,North America,46.0,Yes
703,11619,Single,Female,50000.0,0,Graduate Degree,Skilled Manual,Yes,0,1-2 Miles,North America,33.0,No
704,29132,Single,Female,40000.0,0,Bachelors,Professional,Yes,1,2-5 Miles,North America,42.0,Yes
705,11199,Married,Female,70000.0,4,Bachelors,Management,Yes,1,10+ Miles,North America,59.0,No
706,20296,Single,Female,60000.0,0,Partial College,Skilled Manual,No,1,1-2 Miles,North America,33.0,Yes
707,17546,Married,Female,70000.0,1,Partial College,Skilled Manual,Yes,1,0-1 Miles,North America,44.0,Yes
708,18069,Married,Male,70000.0,5,Bachelors,Management,Yes,4,10+ Miles,North America,60.0,No
709,23712,Single,Female,70000.0,2,Bachelors,Management,Yes,1,10+ Miles,North America,59.0,No
710,23358,Married,Male,60000.0,0,High School,Professional,Yes,2,5-10 Miles,North America,32.0,Yes
711,20518,Married,Female,70000.0,2,Partial College,Professional,Yes,1,10+ Miles,North America,58.0,No
712,28026,Married,Female,40000.0,2,High School,Professional,No,2,2-5 Miles,North America,59.0,No
713,11669,Single,Female,70000.0,2,Bachelors,Skilled Manual,Yes,1,2-5 Miles,North America,38.0,No
714,16020,Married,Male,40000.0,0,High School,Skilled Manual,Yes,2,5-10 Miles,North America,28.0,Yes
715,27090,Married,Female,60000.0,1,Graduate Degree,Professional,Yes,0,2-5 Miles,North America,37.0,Yes
716,27198,Single,Female,80000.0,0,Graduate Degree,Skilled Manual,No,0,0-1 Miles,North America,40.0,No
717,19661,Single,Male,90000.0,4,Bachelors,Management,Yes,1,1-2 Miles,North America,38.0,Yes
718,26327,Married,Male,70000.0,4,Graduate Degree,Professional,Yes,0,2-5 Miles,North America,36.0,Yes
719,26341,Married,Female,70000.0,5,Graduate Degree,Professional,Yes,2,0-1 Miles,North America,37.0,No
720,24958,Single,Female,40000.0,5,High School,Professional,No,3,2-5 Miles,North America,60.0,Yes
721,13287,Single,Male,110000.0,4,Bachelors,Management,Yes,4,5-10 Miles,North America,42.0,Yes
722,14493,Single,Female,70000.0,3,Graduate Degree,Management,No,2,1-2 Miles,North America,53.0,No
723,26678,Single,Female,80000.0,2,Partial High School,Skilled Manual,Yes,2,5-10 Miles,North America,49.0,No
724,23275,Married,Male,30000.0,2,High School,Skilled Manual,Yes,2,1-2 Miles,North America,49.0,No
725,11270,Married,Male,130000.0,2,Graduate Degree,Management,Yes,3,0-1 Miles,North America,42.0,Yes
726,20084,Married,Male,20000.0,2,High School,Manual,No,2,0-1 Miles,North America,53.0,No
727,16144,Married,Male,70000.0,1,Graduate Degree,Professional,Yes,1,0-1 Miles,North America,46.0,Yes
728,27731,Married,Male,40000.0,0,High School,Skilled Manual,Yes,2,5-10 Miles,North America,27.0,No
729,11886,Married,Female,60000.0,3,Bachelors,Professional,Yes,1,0-1 Miles,North America,48.0,Yes
730,24324,Single,Female,60000.0,4,Bachelors,Skilled Manual,Yes,2,2-5 Miles,North America,41.0,Yes
731,22220,Married,Male,60000.0,2,High School,Professional,No,2,1-2 Miles,North America,49.0,Yes
732,26625,Single,Female,60000.0,0,Graduate Degree,Professional,Yes,1,2-5 Miles,North America,38.0,Yes
733,23027,Single,Male,130000.0,1,Bachelors,Management,No,4,0-1 Miles,North America,44.0,No
734,16867,Single,Female,130000.0,1,Bachelors,Management,No,3,0-1 Miles,North America,45.0,Yes
735,14514,Single,Female,30000.0,0,Partial College,Skilled Manual,Yes,1,5-10 Miles,North America,26.0,No
736,19634,Married,Male,40000.0,0,High School,Skilled Manual,Yes,1,5-10 Miles,North America,31.0,No
737,18504,Married,Male,70000.0,2,Partial High School,Skilled Manual,No,2,1-2 Miles,North America,49.0,No
738,28799,Single,Female,40000.0,2,Partial College,Clerical,No,1,1-2 Miles,North America,47.0,Yes
739,11225,Married,Female,60000.0,2,Partial College,Professional,Yes,1,10+ Miles,North America,55.0,No
740,17657,Married,Male,40000.0,4,Partial College,Clerical,No,0,0-1 Miles,North America,30.0,No
741,14913,Married,Female,40000.0,1,Partial College,Clerical,Yes,1,1-2 Miles,North America,48.0,Yes
742,14077,Single,Male,30000.0,0,High School,Skilled Manual,Yes,2,5-10 Miles,North America,30.0,No
743,13296,Married,Male,110000.0,1,Bachelors,Management,Yes,3,5-10 Miles,North America,45.0,No
744,20535,Married,Female,70000.0,4,Partial College,Professional,Yes,1,10+ Miles,North America,56.0,No
745,12452,Married,Male,60000.0,4,Graduate Degree,Skilled Manual,Yes,0,1-2 Miles,North America,47.0,Yes
746,28043,Married,Female,60000.0,2,Bachelors,Management,Yes,0,10+ Miles,North America,56.0,No
747,12957,Single,Female,70000.0,1,Bachelors,Professional,No,1,0-1 Miles,North America,44.0,No
748,15412,Married,Male,130000.0,2,Graduate Degree,Management,Yes,3,2-5 Miles,North America,69.0,No
749,20514,Married,Female,70000.0,2,Partial College,Professional,Yes,1,2-5 Miles,North America,59.0,No
750,20758,Married,Male,30000.0,2,High School,Skilled Manual,Yes,2,1-2 Miles,North America,50.0,No
751,11801,Married,Male,60000.0,1,Graduate Degree,Professional,Yes,0,2-5 Miles,North America,36.0,No
752,22211,Married,Male,60000.0,0,Partial College,Professional,Yes,2,5-10 Miles,North America,32.0,No
753,28087,Single,Female,40000.0,0,Partial College,Skilled Manual,No,1,1-2 Miles,North America,27.0,No
754,23668,Married,Female,40000.0,4,High School,Professional,Yes,2,5-10 Miles,North America,59.0,Yes
755,27441,Married,Male,60000.0,3,High School,Professional,No,2,2-5 Miles,North America,53.0,No
756,27261,Married,Male,40000.0,1,Bachelors,Skilled Manual,No,1,0-1 Miles,North America,36.0,Yes
757,18649,Single,Male,30000.0,1,High School,Clerical,Yes,2,1-2 Miles,North America,51.0,Yes
758,21714,Single,Female,80000.0,5,Graduate Degree,Skilled Manual,No,0,0-1 Miles,North America,47.0,No
759,23217,Single,Female,60000.0,3,Graduate Degree,Professional,Yes,0,2-5 Miles,North America,43.0,Yes
760,23797,Single,Male,20000.0,3,Partial High School,Clerical,No,2,0-1 Miles,North America,50.0,No
761,13216,Married,Female,60000.0,5,Bachelors,Management,Yes,3,10+ Miles,North America,59.0,No
762,20657,Single,Male,50000.0,2,Bachelors,Skilled Manual,Yes,0,2-5 Miles,North America,37.0,Yes
763,12882,Married,Male,50000.0,1,Graduate Degree,Skilled Manual,Yes,0,0-1 Miles,North America,33.0,Yes
764,25908,Married,Female,60000.0,0,Partial College,Skilled Manual,No,1,1-2 Miles,North America,27.0,No
765,16753,Single,Female,70000.0,0,Partial College,Skilled Manual,Yes,2,5-10 Miles,North America,34.0,Yes
766,14608,Married,Male,50000.0,4,Bachelors,Skilled Manual,Yes,3,10+ Miles,North America,42.0,No
767,24979,Married,Female,60000.0,2,Partial College,Professional,Yes,2,2-5 Miles,North America,57.0,Yes
768,13313,Married,Female,120000.0,1,High School,Professional,No,4,2-5 Miles,North America,45.0,No
769,18952,Married,Female,100000.0,4,Bachelors,Management,Yes,4,0-1 Miles,North America,40.0,No
771,14657,Married,Male,80000.0,1,Partial College,Skilled Manual,No,1,0-1 Miles,North America,47.0,Yes
772,11540,Single,Male,60000.0,4,Graduate Degree,Skilled Manual,Yes,0,1-2 Miles,North America,47.0,Yes
773,11783,Married,Female,60000.0,1,Graduate Degree,Skilled Manual,Yes,0,0-1 Miles,North America,34.0,No
774,14602,Married,Female,80000.0,3,Graduate Degree,Professional,Yes,0,0-1 Miles,North America,36.0,Yes
775,29030,Married,Male,70000.0,2,Partial High School,Skilled Manual,Yes,2,10+ Miles,North America,54.0,No
776,26490,Single,Male,70000.0,2,Bachelors,Management,No,1,2-5 Miles,North America,59.0,Yes
777,13151,Single,Male,40000.0,0,High School,Skilled Manual,Yes,2,5-10 Miles,North America,27.0,No
778,17260,Married,Male,90000.0,5,Partial College,Professional,Yes,3,0-1 Miles,North America,41.0,No
779,15372,Married,Male,80000.0,3,Partial College,Professional,No,2,2-5 Miles,North America,50.0,Yes
780,18105,Married,Female,60000.0,2,Partial College,Professional,Yes,1,10+ Miles,North America,55.0,No
781,19660,Married,Male,80000.0,4,Bachelors,Management,Yes,0,0-1 Miles,North America,43.0,No
782,16112,Single,Male,70000.0,4,Bachelors,Professional,Yes,2,2-5 Miles,North America,43.0,Yes
783,20698,Married,Male,60000.0,4,Bachelors,Skilled Manual,Yes,3,5-10 Miles,North America,42.0,No
784,20076,Single,Female,10000.0,2,High School,Manual,Yes,2,1-2 Miles,North America,53.0,Yes
785,24496,Single,Female,40000.0,0,High School,Skilled Manual,No,2,0-1 Miles,North America,28.0,Yes
786,15468,Married,Female,50000.0,1,Bachelors,Skilled Manual,Yes,1,0-1 Miles,North America,35.0,No
787,28031,Single,Female,70000.0,2,Bachelors,Management,No,1,2-5 Miles,North America,59.0,Yes
788,26270,Single,Female,20000.0,2,Partial High School,Clerical,Yes,2,1-2 Miles,North America,49.0,No
789,22221,Married,Male,60000.0,2,High School,Professional,No,2,1-2 Miles,North America,48.0,Yes
790,28228,Single,Female,80000.0,2,Partial High School,Skilled Manual,No,2,1-2 Miles,North America,50.0,No
791,18363,Married,Male,40000.0,0,High School,Skilled Manual,Yes,2,5-10 Miles,North America,28.0,Yes
792,23256,Single,Male,30000.0,1,High School,Clerical,No,1,5-10 Miles,North America,52.0,No
793,12768,Married,Male,30000.0,1,High School,Clerical,Yes,1,2-5 Miles,North America,52.0,Yes
794,20361,Married,Male,50000.0,2,Graduate Degree,Management,Yes,2,5-10 Miles,North America,69.0,No
795,21306,Single,Male,60000.0,2,High School,Professional,Yes,2,5-10 Miles,North America,51.0,No
796,13382,Married,Male,70000.0,5,Partial College,Professional,Yes,2,1-2 Miles,North America,57.0,Yes
797,20310,Single,Male,60000.0,0,Partial College,Skilled Manual,Yes,1,5-10 Miles,North America,27.0,Yes
798,22971,Single,Female,30000.0,0,High School,Skilled Manual,No,2,0-1 Miles,North America,25.0,Yes
799,15287,Single,Female,50000.0,1,Graduate Degree,Skilled Manual,Yes,0,1-2 Miles,North America,33.0,Yes
800,15532,Single,Male,60000.0,4,Bachelors,Professional,Yes,2,2-5 Miles,North America,43.0,Yes
801,11255,Married,Male,70000.0,4,Graduate Degree,Management,Yes,2,5-10 Miles,North America,73.0,No
802,28090,Married,Male,40000.0,0,Partial College,Skilled Manual,Yes,1,5-10 Miles,North America,27.0,No
803,15255,Married,Male,40000.0,0,High School,Skilled Manual,Yes,2,5-10 Miles,North America,28.0,Yes
804,13154,Married,Male,40000.0,0,High School,Skilled Manual,No,2,0-1 Miles,North America,27.0,Yes
806,23248,Married,Female,10000.0,2,High School,Manual,Yes,2,1-2 Miles,North America,53.0,No
807,21417,Single,Female,60000.0,0,Partial College,Professional,No,2,1-2 Miles,North America,32.0,Yes
808,17668,Single,Male,30000.0,2,High School,Skilled Manual,Yes,2,1-2 Miles,North America,50.0,Yes
809,27994,Married,Female,40000.0,4,High School,Professional,Yes,2,5-10 Miles,North America,69.0,No
810,20376,Single,Female,70000.0,3,Graduate Degree,Management,Yes,2,5-10 Miles,North America,52.0,Yes
811,25954,Married,Male,60000.0,0,Partial College,Skilled Manual,No,2,1-2 Miles,North America,31.0,No
812,15749,Single,Female,70000.0,4,Bachelors,Management,Yes,2,10+ Miles,North America,61.0,No
813,25899,Married,Female,70000.0,2,High School,Professional,Yes,2,10+ Miles,North America,53.0,No
814,13351,Single,Female,70000.0,4,Bachelors,Management,Yes,2,1-2 Miles,North America,62.0,Yes
815,23333,Married,Male,40000.0,0,Partial College,Skilled Manual,No,2,1-2 Miles,North America,30.0,No
816,21660,Married,Female,60000.0,3,Graduate Degree,Professional,Yes,0,2-5 Miles,North America,43.0,Yes
817,17012,Married,Female,60000.0,3,Graduate Degree,Professional,Yes,0,2-5 Miles,North America,42.0,Yes
818,24514,Married,Male,40000.0,0,Partial College,Skilled Manual,Yes,1,5-10 Miles,North America,30.0,No
819,27505,Single,Female,40000.0,0,High School,Skilled Manual,Yes,2,5-10 Miles,North America,30.0,No
820,29243,Single,Male,110000.0,1,Bachelors,Management,Yes,1,5-10 Miles,North America,43.0,No
821,26582,Married,Male,60000.0,0,Partial College,Skilled Manual,Yes,2,5-10 Miles,North America,33.0,Yes
822,14271,Married,Male,30000.0,0,High School,Skilled Manual,Yes,2,5-10 Miles,North America,32.0,No
823,23041,Single,Female,70000.0,4,High School,Professional,Yes,0,5-10 Miles,North America,50.0,Yes
824,29048,Single,Male,110000.0,2,Bachelors,Management,No,3,0-1 Miles,North America,37.0,Yes
825,24433,Married,Male,70000.0,3,High School,Professional,No,1,1-2 Miles,North America,52.0,Yes
826,15501,Married,Male,70000.0,4,Graduate Degree,Professional,Yes,0,2-5 Miles,North America,36.0,Yes
827,13911,Single,Female,80000.0,3,Bachelors,Skilled Manual,Yes,2,2-5 Miles,North America,41.0,Yes
828,20421,Single,Female,40000.0,0,Partial High School,Clerical,Yes,2,5-10 Miles,North America,26.0,No
829,16009,Single,Male,170000.0,1,Graduate Degree,Management,No,4,0-1 Miles,North America,66.0,No
830,18411,Married,Male,60000.0,2,High School,Professional,No,2,5-10 Miles,North America,51.0,No
831,19163,Married,Female,70000.0,4,Bachelors,Professional,Yes,2,0-1 Miles,North America,43.0,Yes
832,18572,Married,Female,60000.0,0,Graduate Degree,Professional,Yes,0,0-1 Miles,North America,39.0,No
833,27540,Single,Female,70000.0,0,Bachelors,Professional,No,1,0-1 Miles,North America,37.0,Yes
834,19889,Single,Female,70000.0,2,Partial High School,Skilled Manual,No,2,2-5 Miles,North America,54.0,Yes
835,12922,Single,Female,60000.0,3,Bachelors,Skilled Manual,Yes,0,2-5 Miles,North America,40.0,Yes
836,18891,Married,Female,40000.0,0,Partial College,Skilled Manual,Yes,2,5-10 Miles,North America,28.0,No
837,16773,Married,Male,60000.0,1,Graduate Degree,Skilled Manual,Yes,0,0-1 Miles,North America,33.0,No
838,19143,Single,Female,80000.0,3,Bachelors,Skilled Manual,Yes,2,2-5 Miles,North America,41.0,Yes
839,23882,Single,Female,80000.0,3,Graduate Degree,Professional,Yes,0,0-1 Miles,North America,37.0,Yes
840,11233,Married,Male,70000.0,4,Partial College,Professional,Yes,2,10+ Miles,North America,53.0,No
841,12056,Married,Male,120000.0,2,Graduate Degree,Management,Yes,3,5-10 Miles,North America,64.0,No
842,15555,Married,Female,60000.0,1,Partial College,Skilled Manual,Yes,1,2-5 Miles,North America,45.0,Yes
843,18423,Single,Male,80000.0,2,Partial High School,Skilled Manual,No,2,1-2 Miles,North America,52.0,No
844,22743,Married,Female,40000.0,5,High School,Professional,Yes,2,10+ Miles,North America,60.0,No
845,25343,Single,Female,20000.0,3,Partial High School,Clerical,Yes,2,1-2 Miles,North America,50.0,No
846,13390,Married,Female,70000.0,4,Partial College,Professional,No,1,1-2 Miles,North America,56.0,No
847,17482,Single,Female,40000.0,0,Partial High School,Clerical,Yes,2,5-10 Miles,North America,29.0,No
848,13176,Single,Male,130000.0,0,Graduate Degree,Management,No,2,0-1 Miles,North America,38.0,Yes
849,20504,Married,Female,40000.0,5,High School,Professional,No,2,2-5 Miles,North America,60.0,No
850,12205,Single,Female,130000.0,2,Bachelors,Management,No,4,0-1 Miles,North America,67.0,No
851,16751,Married,Male,60000.0,0,Partial College,Skilled Manual,Yes,1,5-10 Miles,North America,32.0,Yes
852,21613,Single,Male,50000.0,2,Bachelors,Skilled Manual,No,1,0-1 Miles,North America,39.0,Yes
853,24801,Single,Male,60000.0,1,Graduate Degree,Professional,Yes,0,2-5 Miles,North America,35.0,Yes
854,17519,Married,Female,60000.0,0,Partial College,Professional,Yes,2,5-10 Miles,North America,32.0,No
855,18347,Single,Female,30000.0,0,Partial College,Skilled Manual,No,1,1-2 Miles,North America,31.0,No
856,29052,Single,Male,40000.0,0,Partial College,Skilled Manual,Yes,1,5-10 Miles,North America,27.0,No
857,11745,Married,Female,60000.0,1,Bachelors,Professional,Yes,1,0-1 Miles,North America,47.0,Yes
858,19147,Married,Male,40000.0,0,Bachelors,Professional,No,1,0-1 Miles,North America,42.0,No
859,19217,Married,Male,30000.0,2,High School,Skilled Manual,Yes,2,1-2 Miles,North America,49.0,No
860,15839,Single,Male,30000.0,0,Partial College,Skilled Manual,Yes,1,5-10 Miles,North America,32.0,No
861,13714,Married,Female,20000.0,2,High School,Manual,No,2,1-2 Miles,North America,53.0,Yes
862,22330,Married,Male,50000.0,0,Graduate Degree,Skilled Manual,Yes,0,1-2 Miles,North America,32.0,Yes
863,18783,Single,Male,80000.0,0,Bachelors,Management,No,1,0-1 Miles,North America,38.0,Yes
864,25041,Single,Male,40000.0,0,High School,Skilled Manual,Yes,2,5-10 Miles,North America,31.0,No
865,22046,Single,Female,80000.0,0,Bachelors,Management,No,1,0-1 Miles,North America,38.0,Yes
866,28052,Married,Male,60000.0,2,High School,Professional,Yes,2,10+ Miles,North America,55.0,No
868,24955,Single,Male,30000.0,5,Partial High School,Skilled Manual,Yes,3,10+ Miles,North America,60.0,Yes
869,26065,Single,Female,110000.0,3,Bachelors,Management,No,4,1-2 Miles,North America,42.0,No
870,13942,Married,Male,60000.0,1,Partial College,Skilled Manual,Yes,1,0-1 Miles,North America,46.0,No
871,11219,Married,Male,60000.0,2,High School,Professional,Yes,2,10+ Miles,North America,55.0,No
872,22118,Single,Female,70000.0,3,Graduate Degree,Management,Yes,2,5-10 Miles,North America,53.0,Yes
873,23197,Married,Male,50000.0,3,Bachelors,Skilled Manual,Yes,2,2-5 Miles,North America,40.0,No
874,14883,Married,Female,30000.0,1,Bachelors,Skilled Manual,Yes,1,5-10 Miles,North America,53.0,Yes
875,27279,Single,Female,70000.0,2,Bachelors,Skilled Manual,Yes,0,2-5 Miles,North America,38.0,Yes
876,18322,Single,Male,30000.0,0,Partial High School,Clerical,No,2,0-1 Miles,North America,26.0,No
877,15879,Married,Male,70000.0,5,Bachelors,Management,Yes,2,2-5 Miles,North America,61.0,No
878,28278,Married,Male,50000.0,2,Graduate Degree,Management,Yes,2,5-10 Miles,North America,71.0,No
879,24416,Married,Male,90000.0,4,High School,Professional,Yes,2,1-2 Miles,North America,45.0,No
880,28066,Married,Male,80000.0,2,Graduate Degree,Professional,Yes,0,0-1 Miles,North America,37.0,Yes
881,11275,Married,Female,80000.0,4,Graduate Degree,Management,Yes,2,0-1 Miles,North America,72.0,Yes
882,14872,Married,Male,30000.0,0,Graduate Degree,Skilled Manual,Yes,0,0-1 Miles,North America,32.0,No
883,16151,Married,Female,60000.0,1,Bachelors,Professional,Yes,1,2-5 Miles,North America,48.0,Yes
884,19731,Married,Male,80000.0,4,Graduate Degree,Management,Yes,2,5-10 Miles,North America,68.0,No
885,23801,Married,Female,20000.0,2,Partial High School,Clerical,Yes,2,0-1 Miles,North America,49.0,No
886,11807,Married,Male,70000.0,3,Graduate Degree,Professional,Yes,0,2-5 Miles,North America,34.0,No
887,11622,Married,Male,50000.0,0,Graduate Degree,Skilled Manual,Yes,0,0-1 Miles,North America,32.0,No
888,26597,Single,Female,60000.0,4,Bachelors,Skilled Manual,No,2,0-1 Miles,North America,42.0,No
889,27074,Married,Female,70000.0,1,Graduate Degree,Skilled Manual,Yes,0,0-1 Miles,North America,35.0,Yes
890,19228,Married,Female,40000.0,2,Partial College,Clerical,Yes,1,0-1 Miles,North America,48.0,No
891,13415,Single,Male,100000.0,1,Graduate Degree,Management,Yes,3,2-5 Miles,North America,73.0,Yes
892,17000,Single,Female,70000.0,4,Bachelors,Skilled Manual,Yes,2,2-5 Miles,North America,43.0,Yes
893,14569,Married,Male,60000.0,1,Graduate Degree,Professional,Yes,0,0-1 Miles,North America,35.0,No
894,13873,Married,Male,70000.0,3,Graduate Degree,Professional,Yes,0,0-1 Miles,North America,35.0,Yes
895,20401,Married,Female,50000.0,4,Bachelors,Management,Yes,2,1-2 Miles,North America,64.0,Yes
896,21583,Married,Female,50000.0,1,Bachelors,Skilled Manual,Yes,0,0-1 Miles,North America,34.0,Yes
897,12029,Married,Male,30000.0,0,Partial High School,Clerical,No,2,0-1 Miles,North America,28.0,No
898,18066,Single,Male,70000.0,5,Bachelors,Management,Yes,3,10+ Miles,North America,60.0,Yes
899,28192,Married,Female,70000.0,5,Graduate Degree,Professional,Yes,3,10+ Miles,North America,46.0,No
900,16122,Married,Male,40000.0,4,High School,Skilled Manual,Yes,2,0-1 Miles,North America,44.0,Yes
901,18607,Single,Female,60000.0,4,Bachelors,Skilled Manual,Yes,2,2-5 Miles,North America,42.0,Yes
902,28858,Single,Male,80000.0,3,Bachelors,Skilled Manual,Yes,0,2-5 Miles,North America,40.0,No
903,14432,Single,Male,90000.0,4,Graduate Degree,Management,Yes,1,5-10 Miles,North America,73.0,No
904,26305,Single,Female,60000.0,2,Bachelors,Skilled Manual,No,0,0-1 Miles,North America,36.0,Yes
905,22050,Single,Male,90000.0,4,Bachelors,Management,Yes,1,1-2 Miles,North America,38.0,Yes
906,25394,Married,Male,60000.0,1,Graduate Degree,Professional,Yes,0,2-5 Miles,North America,34.0,Yes
907,19747,Married,Male,50000.0,4,Bachelors,Management,Yes,2,10+ Miles,North America,63.0,No
909,21695,Married,Male,60000.0,0,Graduate Degree,Skilled Manual,Yes,0,1-2 Miles,North America,39.0,Yes
910,13934,Married,Male,40000.0,4,High School,Skilled Manual,Yes,2,2-5 Miles,North America,46.0,No
911,13337,Married,Female,80000.0,5,Bachelors,Management,Yes,2,5-10 Miles,North America,64.0,No
912,27190,Married,Female,40000.0,3,Partial College,Clerical,Yes,1,1-2 Miles,North America,32.0,No
913,28657,Single,Male,60000.0,2,Bachelors,Skilled Manual,Yes,0,2-5 Miles,North America,36.0,Yes
914,21713,Single,Male,80000.0,5,Graduate Degree,Skilled Manual,No,0,0-1 Miles,North America,47.0,No
915,21752,Married,Male,60000.0,3,Graduate Degree,Management,Yes,2,10+ Miles,North America,64.0,No
916,27273,Single,Male,70000.0,3,Graduate Degree,Professional,No,0,0-1 Miles,North America,35.0,Yes
917,22719,Single,Male,110000.0,3,Bachelors,Management,Yes,4,2-5 Miles,North America,40.0,Yes
918,22042,Married,Female,70000.0,0,Partial College,Skilled Manual,Yes,2,5-10 Miles,North America,34.0,Yes
919,21451,Married,Female,40000.0,4,High School,Professional,Yes,2,10+ Miles,North America,61.0,No
920,20754,Married,Male,30000.0,2,High School,Skilled Manual,Yes,2,1-2 Miles,North America,51.0,No
921,12153,Single,Female,70000.0,3,Partial College,Professional,Yes,1,5-10 Miles,North America,49.0,Yes
922,16895,Married,Female,40000.0,3,Partial College,Professional,No,2,1-2 Miles,North America,54.0,Yes
923,26728,Single,Male,70000.0,3,Graduate Degree,Management,No,2,1-2 Miles,North America,53.0,Yes
924,11090,Single,Male,90000.0,2,Partial College,Professional,Yes,1,2-5 Miles,North America,48.0,Yes
925,15862,Single,Female,50000.0,0,Graduate Degree,Skilled Manual,Yes,0,1-2 Miles,North America,33.0,Yes
926,26495,Single,Female,40000.0,2,High School,Professional,Yes,2,10+ Miles,North America,57.0,No
927,11823,Married,Female,70000.0,0,Graduate Degree,Professional,Yes,0,2-5 Miles,North America,39.0,No
928,23449,Married,Male,60000.0,2,High School,Professional,Yes,2,5-10 Miles,North America,48.0,No
929,23459,Married,Male,60000.0,2,High School,Professional,Yes,2,5-10 Miles,North America,50.0,No
930,19543,Married,Male,70000.0,5,Graduate Degree,Professional,No,3,10+ Miles,North America,47.0,No
931,14914,Married,Female,40000.0,1,Partial College,Clerical,Yes,1,1-2 Miles,North America,49.0,Yes
932,12033,Single,Female,40000.0,0,High School,Skilled Manual,No,2,0-1 Miles,North America,27.0,Yes
934,14389,Married,Male,60000.0,2,Bachelors,Management,Yes,0,2-5 Miles,North America,59.0,No
935,18050,Married,Female,60000.0,1,Partial College,Skilled Manual,Yes,1,0-1 Miles,North America,45.0,Yes
936,19856,Married,Female,60000.0,4,Bachelors,Management,Yes,2,2-5 Miles,North America,60.0,No
937,11663,Married,Male,70000.0,4,Graduate Degree,Professional,Yes,0,0-1 Miles,North America,36.0,Yes
938,27740,Married,Female,40000.0,0,High School,Skilled Manual,Yes,2,5-10 Miles,North America,27.0,No
939,23455,Single,Male,80000.0,2,Partial High School,Skilled Manual,No,2,1-2 Miles,North America,50.0,No
940,15292,Single,Female,60000.0,1,Graduate Degree,Skilled Manual,Yes,0,1-2 Miles,North America,35.0,No
941,21587,Married,Female,60000.0,1,Graduate Degree,Skilled Manual,Yes,0,2-5 Miles,North America,34.0,Yes
942,23513,Married,Female,40000.0,3,Partial College,Professional,Yes,2,5-10 Miles,North America,54.0,No
944,26298,Married,Female,50000.0,1,Bachelors,Skilled Manual,Yes,0,2-5 Miles,North America,34.0,Yes
945,25419,Single,Male,50000.0,2,Bachelors,Skilled Manual,No,1,0-1 Miles,North America,38.0,Yes
946,13343,Married,Female,90000.0,5,Bachelors,Management,Yes,2,1-2 Miles,North America,63.0,Yes
947,11303,Single,Female,90000.0,4,High School,Professional,No,3,1-2 Miles,North America,45.0,Yes
948,21693,Single,Female,60000.0,0,Graduate Degree,Skilled Manual,No,0,0-1 Miles,North America,40.0,No
949,28056,Married,Male,70000.0,2,Partial High School,Skilled Manual,Yes,2,10+ Miles,North America,53.0,No
950,11788,Single,Female,70000.0,1,Graduate Degree,Professional,Yes,0,2-5 Miles,North America,34.0,No
952,15319,Married,Female,70000.0,4,Bachelors,Management,No,1,1-2 Miles,North America,59.0,No
953,17654,Single,Female,40000.0,3,Partial College,Clerical,Yes,1,1-2 Miles,North America,30.0,Yes
954,14662,Married,Male,60000.0,1,Bachelors,Professional,Yes,1,0-1 Miles,North America,48.0,Yes
955,17541,Married,Female,40000.0,4,High School,Skilled Manual,Yes,2,2-5 Miles,North America,43.0,No
956,13886,Married,Female,70000.0,4,Graduate Degree,Professional,Yes,0,2-5 Miles,North America,35.0,Yes
957,13073,Married,Female,60000.0,0,Partial College,Professional,Yes,2,5-10 Miles,North America,30.0,No
958,21940,Married,Male,90000.0,5,Graduate Degree,Professional,Yes,0,0-1 Miles,North America,47.0,Yes
959,20196,Married,Male,60000.0,1,Partial College,Skilled Manual,Yes,1,2-5 Miles,North America,45.0,Yes
961,16651,Married,Female,120000.0,2,Bachelors,Management,Yes,3,5-10 Miles,North America,62.0,No
962,16813,Married,Male,60000.0,2,Partial College,Professional,Yes,2,10+ Miles,North America,55.0,No
963,16007,Married,Female,90000.0,5,Bachelors,Management,Yes,2,1-2 Miles,North America,66.0,Yes
964,27434,Single,Male,70000.0,4,Partial College,Professional,Yes,1,10+ Miles,North America,56.0,No
965,27756,Single,Female,50000.0,3,Bachelors,Skilled Manual,No,1,0-1 Miles,North America,40.0,No
966,23818,Married,Female,50000.0,0,Graduate Degree,Skilled Manual,Yes,0,1-2 Miles,North America,33.0,Yes
967,19012,Married,Male,80000.0,3,Bachelors,Management,Yes,1,1-2 Miles,North America,56.0,No
968,18329,Single,Male,30000.0,0,Partial High School,Clerical,No,2,5-10 Miles,North America,27.0,No
969,29037,Married,Male,60000.0,0,Graduate Degree,Professional,No,0,0-1 Miles,North America,39.0,No
970,26576,Married,Female,60000.0,0,Partial College,Skilled Manual,Yes,2,5-10 Miles,North America,31.0,No
971,12192,Single,Female,60000.0,2,Partial High School,Skilled Manual,No,2,1-2 Miles,North America,51.0,No
972,14887,Married,Female,30000.0,1,High School,Clerical,Yes,1,5-10 Miles,North America,52.0,No
974,17462,Married,Male,70000.0,3,Graduate Degree,Management,Yes,2,5-10 Miles,North America,53.0,Yes
975,20659,Married,Male,70000.0,3,Graduate Degree,Professional,Yes,0,0-1 Miles,North America,35.0,Yes
976,28004,Married,Female,60000.0,3,Bachelors,Management,Yes,2,10+ Miles,North America,66.0,No
977,19741,Single,Female,80000.0,4,Graduate Degree,Management,Yes,2,5-10 Miles,North America,65.0,No
978,17450,Married,Male,80000.0,5,Partial College,Professional,Yes,3,5-10 Miles,North America,45.0,No
979,17337,Single,Male,40000.0,0,High School,Skilled Manual,Yes,1,5-10 Miles,North America,31.0,No
980,18594,Single,Female,80000.0,3,Bachelors,Skilled Manual,Yes,3,10+ Miles,North America,40.0,Yes
981,15982,Married,Male,110000.0,5,Partial College,Professional,Yes,4,2-5 Miles,North America,46.0,No
982,28625,Single,Male,40000.0,2,Partial College,Clerical,No,1,1-2 Miles,North America,47.0,Yes
983,11269,Married,Male,130000.0,2,Graduate Degree,Management,Yes,2,0-1 Miles,North America,41.0,No
984,25148,Married,Male,60000.0,2,High School,Professional,No,2,1-2 Miles,North America,48.0,Yes
985,13920,Single,Female,50000.0,4,Bachelors,Skilled Manual,Yes,2,0-1 Miles,North America,42.0,No
987,28972,Single,Female,60000.0,3,Graduate Degree,Management,Yes,2,10+ Miles,North America,66.0,No
988,22730,Married,Male,70000.0,5,Bachelors,Management,Yes,2,10+ Miles,North America,63.0,No
989,29134,Married,Male,60000.0,4,Bachelors,Skilled Manual,No,3,10+ Miles,North America,42.0,No
990,14332,Single,Female,30000.0,0,High School,Skilled Manual,No,2,5-10 Miles,North America,26.0,No
991,19117,Single,Female,60000.0,1,Graduate Degree,Professional,Yes,0,2-5 Miles,North America,36.0,Yes
992,22864,Married,Male,90000.0,2,Partial College,Professional,No,0,5-10 Miles,North America,49.0,Yes
993,11292,Single,Male,150000.0,1,Partial College,Professional,No,3,0-1 Miles,North America,44.0,Yes
994,13466,Married,Male,80000.0,5,Partial College,Professional,Yes,3,1-2 Miles,North America,46.0,No
995,23731,Married,Male,60000.0,2,High School,Professional,Yes,2,2-5 Miles,North America,54.0,Yes
996,28672,Single,Male,70000.0,4,Graduate Degree,Professional,Yes,0,2-5 Miles,North America,35.0,Yes
998,19664,Single,Male,100000.0,3,Bachelors,Management,No,3,1-2 Miles,North America,38.0,No
999,12121,Single,Male,60000.0,3,High School,Professional,Yes,2,10+ Miles,North America,53.0,Yes
